-- Seed Data (Generated by generate-sql-seed.js)
-- Generated at: 2026-05-20T00:57:42.021Z
-- Products: 53, Banners: 0

-- ═══ Categories ═══════════════════════════════════
INSERT INTO categories (name, slug) VALUES ('Colchoes', 'colchoes') ON CONFLICT (slug) DO NOTHING;
INSERT INTO categories (name, slug) VALUES ('Camas', 'camas') ON CONFLICT (slug) DO NOTHING;
INSERT INTO categories (name, slug) VALUES ('Cabeceiras', 'cabeceiras') ON CONFLICT (slug) DO NOTHING;
INSERT INTO categories (name, slug) VALUES ('Travesseiros', 'travesseiros') ON CONFLICT (slug) DO NOTHING;
INSERT INTO categories (name, slug) VALUES ('Acessorios', 'acessorios') ON CONFLICT (slug) DO NOTHING;
INSERT INTO categories (name, slug) VALUES ('Moveis', 'moveis') ON CONFLICT (slug) DO NOTHING;

-- ═══ Banners ══════════════════════════════════════
TRUNCATE TABLE banners RESTART IDENTITY CASCADE;
INSERT INTO banners (title, image_desktop_url, image_mobile_url, link, position, is_active)
  VALUES ('Saldão dos Sonhos Ortobom - Até 50% OFF', 'https://images.unsplash.com/photo-1505693416388-ac5ce068fe85?q=80&w=1920&auto=format&fit=crop', 'https://images.unsplash.com/photo-1505693416388-ac5ce068fe85?q=80&w=600&auto=format&fit=crop', '/c/colchoes', 0, true);
INSERT INTO banners (title, image_desktop_url, image_mobile_url, link, position, is_active)
  VALUES ('Colchões de Alta Tecnologia com Frete Grátis', 'https://images.unsplash.com/photo-1631049307264-da0ec9d70304?q=80&w=1920&auto=format&fit=crop', 'https://images.unsplash.com/photo-1631049307264-da0ec9d70304?q=80&w=600&auto=format&fit=crop', '/c/colchoes', 1, true);
INSERT INTO banners (title, image_desktop_url, image_mobile_url, link, position, is_active)
  VALUES ('Bases Sommier e Camas Baú - Conforto Exclusivo', 'https://images.unsplash.com/photo-1540518614846-7eded433c457?q=80&w=1920&auto=format&fit=crop', 'https://images.unsplash.com/photo-1540518614846-7eded433c457?q=80&w=600&auto=format&fit=crop', '/c/camas', 2, true);

-- ═══ Products, Variants & Images ═══════════════════
TRUNCATE TABLE product_images CASCADE;
TRUNCATE TABLE variants CASCADE;

DO $$
DECLARE
  cat_id uuid;
  prod_id uuid;
BEGIN

  -- ── Product: Colchão Orthopur ──────────────────────
  SELECT id INTO cat_id FROM categories WHERE slug = 'colchoes';
  INSERT INTO products (name, slug, description, description_html, featured_image, category_id, is_active)
    VALUES ('Colchão Orthopur', 'colchao-orthopur', NULL, NULL, 'https://cdn.ortobom.com.br/file/46975b39-49fa-4982-86f8-cb080f859053/6040703650_ORTHOPUR_1000X1000.jpg', cat_id, true)
    ON CONFLICT (slug) DO UPDATE SET
      featured_image = EXCLUDED.featured_image,
      description = EXCLUDED.description,
      description_html = EXCLUDED.description_html
    RETURNING id INTO prod_id;
  IF prod_id IS NULL THEN
    SELECT id INTO prod_id FROM products WHERE slug = 'colchao-orthopur';
  END IF;
  INSERT INTO product_images (product_id, url, alt, position)
    VALUES (prod_id, 'https://cdn.ortobom.com.br/file/46975b39-49fa-4982-86f8-cb080f859053/6040703650_ORTHOPUR_1000X1000.jpg', 'Colchão Orthopur', 0);
  INSERT INTO product_images (product_id, url, alt, position)
    VALUES (prod_id, 'https://cdn.ortobom.com.br/file/e436cd86-6a08-4449-9aac-be87529e92a8/6040703650_ORTHOPUR_1000X1000.jpg', 'Colchão Orthopur', 1);
  INSERT INTO product_images (product_id, url, alt, position)
    VALUES (prod_id, 'https://cdn.ortobom.com.br/file/5a80740c-9049-41f4-8fa3-604ae1871b18/6040703650_ORTHOPUR_1000X1000_2.jpg', 'Colchão Orthopur', 2);
  INSERT INTO product_images (product_id, url, alt, position)
    VALUES (prod_id, 'https://cdn.ortobom.com.br/file/a5669575-8788-41f6-b5b5-04920bfc615f/6040703650_ORTHOPUR_1000X1000_3.jpg', 'Colchão Orthopur', 3);
  INSERT INTO product_images (product_id, url, alt, position)
    VALUES (prod_id, 'https://cdn.ortobom.com.br/file/5ec6f844-8000-4786-80cc-a101391055c3/6040703650_F%20(1).png', 'Colchão Orthopur', 4);
  INSERT INTO product_images (product_id, url, alt, position)
    VALUES (prod_id, 'https://cdn.ortobom.com.br/file/ee577a63-b364-4723-be13-e4443159e118/6040703650_P%20(2).png', 'Colchão Orthopur', 5);
  INSERT INTO product_images (product_id, url, alt, position)
    VALUES (prod_id, 'https://cdn.ortobom.com.br/file/3acaf63b-6d4b-4028-8631-8ee2a439a4c6/detalhe%20orthopur%201%20(1).png', 'Colchão Orthopur', 6);
  INSERT INTO product_images (product_id, url, alt, position)
    VALUES (prod_id, 'https://cdn.ortobom.com.br/file/38abd5e7-5dad-4c7f-a089-09fe697d672a/detalhe%20orthopur%202%20(1).png', 'Colchão Orthopur', 7);
  INSERT INTO product_images (product_id, url, alt, position)
    VALUES (prod_id, 'https://cdn.ortobom.com.br/file/49a5e3f9-6fe0-4060-b2df-b1375b96fe68/detalhe%20orthopur%203%20(1).png', 'Colchão Orthopur', 8);
  INSERT INTO product_images (product_id, url, alt, position)
    VALUES (prod_id, 'https://cdn.ortobom.com.br/file/4b3a49a9-df96-493d-9de1-05a166254d3a/1000x1000_3.jpg', 'Colchão Orthopur', 9);
  INSERT INTO variants (product_id, size, price, compare_at_price, sku, dimensions, stock)
    VALUES (prod_id, 'Padrão', 4999, 5849, 'colchao-orthopur-PADRÃ', NULL, 50);

  -- ── Product: Colchão Pró Saúde Nanolastic ──────────────────────
  SELECT id INTO cat_id FROM categories WHERE slug = 'colchoes';
  INSERT INTO products (name, slug, description, description_html, featured_image, category_id, is_active)
    VALUES ('Colchão Pró Saúde Nanolastic', 'colchao-pro-saude-nanolastic', NULL, NULL, 'https://cdn.ortobom.com.br/file/91454714-5ea7-4490-a4fd-314228ef4977/_MG_4214-1.jpg.jpg', cat_id, true)
    ON CONFLICT (slug) DO UPDATE SET
      featured_image = EXCLUDED.featured_image,
      description = EXCLUDED.description,
      description_html = EXCLUDED.description_html
    RETURNING id INTO prod_id;
  IF prod_id IS NULL THEN
    SELECT id INTO prod_id FROM products WHERE slug = 'colchao-pro-saude-nanolastic';
  END IF;
  INSERT INTO product_images (product_id, url, alt, position)
    VALUES (prod_id, 'https://cdn.ortobom.com.br/file/91454714-5ea7-4490-a4fd-314228ef4977/_MG_4214-1.jpg.jpg', 'Colchão Pró Saúde Nanolastic', 0);
  INSERT INTO product_images (product_id, url, alt, position)
    VALUES (prod_id, 'https://cdn.ortobom.com.br/file/daf92909-f498-47a8-91fd-65c84c2b1412/Ortobom4347-1.jpg.jpg', 'Colchão Pró Saúde Nanolastic', 1);
  INSERT INTO product_images (product_id, url, alt, position)
    VALUES (prod_id, 'https://cdn.ortobom.com.br/file/f934bc44-03b3-44cf-8f87-386659564b7e/Camada-82.jpg.jpg', 'Colchão Pró Saúde Nanolastic', 2);
  INSERT INTO product_images (product_id, url, alt, position)
    VALUES (prod_id, 'https://cdn.ortobom.com.br/file/cfb624f0-aa08-4754-8a45-5afc635b89e2/Camada-80.jpg.jpg', 'Colchão Pró Saúde Nanolastic', 3);
  INSERT INTO product_images (product_id, url, alt, position)
    VALUES (prod_id, 'https://cdn.ortobom.com.br/file/0135835d-94c2-403e-830c-821a38c32117/Camada-85.jpg.jpg', 'Colchão Pró Saúde Nanolastic', 4);
  INSERT INTO product_images (product_id, url, alt, position)
    VALUES (prod_id, 'https://cdn.ortobom.com.br/file/31148da2-9fb8-40f3-ad42-9e60733053db/Camada-86.jpg.jpg', 'Colchão Pró Saúde Nanolastic', 5);
  INSERT INTO product_images (product_id, url, alt, position)
    VALUES (prod_id, 'https://cdn.ortobom.com.br/file/7cb1612f-5819-45d2-ba36-3f41551f3444/Ortobom4321-1.jpg.jpg', 'Colchão Pró Saúde Nanolastic', 6);
  INSERT INTO variants (product_id, size, price, compare_at_price, sku, dimensions, stock)
    VALUES (prod_id, 'Kit Travesseiro Seis Estrelas', 2163, 1999, 'colchao-pro-saude-nanolastic-KITTR', NULL, 50);

  -- ── Product: Colchão Pro Saude Extra ──────────────────────
  SELECT id INTO cat_id FROM categories WHERE slug = 'colchoes';
  INSERT INTO products (name, slug, description, description_html, featured_image, category_id, is_active)
    VALUES ('Colchão Pro Saude Extra', 'colchao-pro-saude-extra', NULL, NULL, 'https://cdn.ortobom.com.br/file/3dff424a-b785-4b05-8001-11481a0be0a0/Ortobom4479-1.jpg.jpg', cat_id, true)
    ON CONFLICT (slug) DO UPDATE SET
      featured_image = EXCLUDED.featured_image,
      description = EXCLUDED.description,
      description_html = EXCLUDED.description_html
    RETURNING id INTO prod_id;
  IF prod_id IS NULL THEN
    SELECT id INTO prod_id FROM products WHERE slug = 'colchao-pro-saude-extra';
  END IF;
  INSERT INTO product_images (product_id, url, alt, position)
    VALUES (prod_id, 'https://cdn.ortobom.com.br/file/3dff424a-b785-4b05-8001-11481a0be0a0/Ortobom4479-1.jpg.jpg', 'Colchão Pro Saude Extra', 0);
  INSERT INTO product_images (product_id, url, alt, position)
    VALUES (prod_id, 'https://cdn.ortobom.com.br/file/f3dcfe82-0e18-4b96-a28b-a8a3b4f4b2d5/Ortobom4460-1.jpg.jpg', 'Colchão Pro Saude Extra', 1);
  INSERT INTO product_images (product_id, url, alt, position)
    VALUES (prod_id, 'https://cdn.ortobom.com.br/file/0f3a0398-fa09-4439-b93f-d70aa9569539/Camada-15.jpg.jpg', 'Colchão Pro Saude Extra', 2);
  INSERT INTO product_images (product_id, url, alt, position)
    VALUES (prod_id, 'https://cdn.ortobom.com.br/file/b1440ecd-b118-422b-8e8b-d94cf914ae49/Camada-13.jpg.jpg', 'Colchão Pro Saude Extra', 3);
  INSERT INTO product_images (product_id, url, alt, position)
    VALUES (prod_id, 'https://cdn.ortobom.com.br/file/f9dc3d05-9d18-41cc-ba6c-82716c455136/Camada-16.jpg.jpg', 'Colchão Pro Saude Extra', 4);
  INSERT INTO product_images (product_id, url, alt, position)
    VALUES (prod_id, 'https://cdn.ortobom.com.br/file/2bc47cfd-6888-475f-ace0-b5432df5108e/Camada-14.jpg.jpg', 'Colchão Pro Saude Extra', 5);
  INSERT INTO product_images (product_id, url, alt, position)
    VALUES (prod_id, 'https://cdn.ortobom.com.br/file/3404aaaa-a449-4b68-91a9-5850e04e292b/Ortobom4622-1.jpg.jpg', 'Colchão Pro Saude Extra', 6);
  INSERT INTO product_images (product_id, url, alt, position)
    VALUES (prod_id, 'https://cdn.ortobom.com.br/file/2c91107b-6bb7-43a7-bad0-3c569cc6fae6/Ortobom4650-1.jpg.jpg', 'Colchão Pro Saude Extra', 7);
  INSERT INTO variants (product_id, size, price, compare_at_price, sku, dimensions, stock)
    VALUES (prod_id, 'Padrão', 2119, 2620, 'colchao-pro-saude-extra-PADRÃ', NULL, 50);

  -- ── Product: Colchão Ortopedico Premium ──────────────────────
  SELECT id INTO cat_id FROM categories WHERE slug = 'colchoes';
  INSERT INTO products (name, slug, description, description_html, featured_image, category_id, is_active)
    VALUES ('Colchão Ortopedico Premium', 'colchao-ortopedico-premium', NULL, NULL, 'https://cdn.ortobom.com.br/file/4c4ee978-1fa1-4cba-850f-703968eadcff/605064.9781-1.jpg', cat_id, true)
    ON CONFLICT (slug) DO UPDATE SET
      featured_image = EXCLUDED.featured_image,
      description = EXCLUDED.description,
      description_html = EXCLUDED.description_html
    RETURNING id INTO prod_id;
  IF prod_id IS NULL THEN
    SELECT id INTO prod_id FROM products WHERE slug = 'colchao-ortopedico-premium';
  END IF;
  INSERT INTO product_images (product_id, url, alt, position)
    VALUES (prod_id, 'https://cdn.ortobom.com.br/file/4c4ee978-1fa1-4cba-850f-703968eadcff/605064.9781-1.jpg', 'Colchão Ortopedico Premium', 0);
  INSERT INTO product_images (product_id, url, alt, position)
    VALUES (prod_id, 'https://cdn.ortobom.com.br/file/c9e70456-435b-4543-a165-c8f64eca31c5/ORTOPEDICO-PREMIUM-2.jpg', 'Colchão Ortopedico Premium', 1);
  INSERT INTO product_images (product_id, url, alt, position)
    VALUES (prod_id, 'https://cdn.ortobom.com.br/file/9bf91d38-f679-4ecf-a117-ed9b5dc8b1ca/ORTOPEDICO-PREMIUM-1.jpg', 'Colchão Ortopedico Premium', 2);
  INSERT INTO product_images (product_id, url, alt, position)
    VALUES (prod_id, 'https://cdn.ortobom.com.br/file/2cc86b9d-0624-47c8-a543-fb52a9525421/ORTOPEDICO-PREMIUM-3.jpg', 'Colchão Ortopedico Premium', 3);
  INSERT INTO product_images (product_id, url, alt, position)
    VALUES (prod_id, 'https://cdn.ortobom.com.br/file/0fc785c6-a466-44a7-8e3d-22aa24f3dfd1/605064.9781-2.jpg', 'Colchão Ortopedico Premium', 4);
  INSERT INTO product_images (product_id, url, alt, position)
    VALUES (prod_id, 'https://cdn.ortobom.com.br/file/75f13443-e8cd-4789-9273-d29df4bfd5ce/605064.9781-3.jpg', 'Colchão Ortopedico Premium', 5);
  INSERT INTO product_images (product_id, url, alt, position)
    VALUES (prod_id, 'https://cdn.ortobom.com.br/file/d6a55f68-d712-481c-9527-6cf761a258eb/605064.9781-4.jpg', 'Colchão Ortopedico Premium', 6);
  INSERT INTO product_images (product_id, url, alt, position)
    VALUES (prod_id, 'https://cdn.ortobom.com.br/file/60e311f6-0cff-4ca9-94ac-f97e8c945830/605064.9781-5.jpg', 'Colchão Ortopedico Premium', 7);
  INSERT INTO product_images (product_id, url, alt, position)
    VALUES (prod_id, 'https://cdn.ortobom.com.br/file/ea66d857-13d5-4c0a-94c7-d7bc7e196998/605064.9781-6.jpg', 'Colchão Ortopedico Premium', 8);
  INSERT INTO product_images (product_id, url, alt, position)
    VALUES (prod_id, 'https://cdn.ortobom.com.br/file/10e32a1b-be17-404b-842f-a4632caacba1/605064.9781-7.jpg', 'Colchão Ortopedico Premium', 9);
  INSERT INTO product_images (product_id, url, alt, position)
    VALUES (prod_id, 'https://cdn.ortobom.com.br/file/4e06b915-b0f5-4c5e-bb04-cd8b29064cbf/605064.9781-8.png', 'Colchão Ortopedico Premium', 10);
  INSERT INTO product_images (product_id, url, alt, position)
    VALUES (prod_id, 'https://cdn.ortobom.com.br/file/887dff38-4a65-4564-9eaf-daa39fed332b/605064.9781-9.jpg', 'Colchão Ortopedico Premium', 11);
  INSERT INTO product_images (product_id, url, alt, position)
    VALUES (prod_id, 'https://cdn.ortobom.com.br/file/bb8b78d7-600a-4dba-8345-bfb5e2d67e08/605064.9781-10.jpg', 'Colchão Ortopedico Premium', 12);
  INSERT INTO variants (product_id, size, price, compare_at_price, sku, dimensions, stock)
    VALUES (prod_id, 'Padrão', 2599, 3700, 'colchao-ortopedico-premium-PADRÃ', NULL, 50);

  -- ── Product: Colchão Liberty ──────────────────────
  SELECT id INTO cat_id FROM categories WHERE slug = 'colchoes';
  INSERT INTO products (name, slug, description, description_html, featured_image, category_id, is_active)
    VALUES ('Colchão Liberty', 'colchao-liberty', NULL, NULL, 'https://cdn.ortobom.com.br/file/34dfaf5b-db37-472b-a3ae-4d4e36c220e7/liberty%20site.jpg', cat_id, true)
    ON CONFLICT (slug) DO UPDATE SET
      featured_image = EXCLUDED.featured_image,
      description = EXCLUDED.description,
      description_html = EXCLUDED.description_html
    RETURNING id INTO prod_id;
  IF prod_id IS NULL THEN
    SELECT id INTO prod_id FROM products WHERE slug = 'colchao-liberty';
  END IF;
  INSERT INTO product_images (product_id, url, alt, position)
    VALUES (prod_id, 'https://cdn.ortobom.com.br/file/34dfaf5b-db37-472b-a3ae-4d4e36c220e7/liberty%20site.jpg', 'Colchão Liberty', 0);
  INSERT INTO product_images (product_id, url, alt, position)
    VALUES (prod_id, 'https://cdn.ortobom.com.br/file/692925ad-a31b-4e63-ba66-c5617f453fcf/LIBERTY-3.jpg', 'Colchão Liberty', 1);
  INSERT INTO product_images (product_id, url, alt, position)
    VALUES (prod_id, 'https://cdn.ortobom.com.br/file/70cbe2e3-a8db-4e66-b2e9-d233393e77a6/LIBERTY-2.jpg', 'Colchão Liberty', 2);
  INSERT INTO product_images (product_id, url, alt, position)
    VALUES (prod_id, 'https://cdn.ortobom.com.br/file/cb3ee704-90fe-4b16-a31d-855202ffcfd0/LIBERTY-1.jpg', 'Colchão Liberty', 3);
  INSERT INTO product_images (product_id, url, alt, position)
    VALUES (prod_id, 'https://cdn.ortobom.com.br/file/83b07f4c-b3ae-45b1-b007-86ea81c6822f/COLCHAO-LIBERTY-CASAL--7-.jpg', 'Colchão Liberty', 4);
  INSERT INTO product_images (product_id, url, alt, position)
    VALUES (prod_id, 'https://cdn.ortobom.com.br/file/62b2da2b-bcaf-462b-b88b-aa27f97d7ca4/COLCHAO-LIBERTY-CASAL.jpg', 'Colchão Liberty', 5);
  INSERT INTO product_images (product_id, url, alt, position)
    VALUES (prod_id, 'https://cdn.ortobom.com.br/file/03f2834c-5e46-49de-8586-0278eec851e2/COLCHAO-LIBERTY-CASAL--6-.jpg', 'Colchão Liberty', 6);
  INSERT INTO product_images (product_id, url, alt, position)
    VALUES (prod_id, 'https://cdn.ortobom.com.br/file/686ff471-ab22-46a1-992c-550eff43c109/COLCHAO-LIBERTY-CASAL--5-.jpg', 'Colchão Liberty', 7);
  INSERT INTO product_images (product_id, url, alt, position)
    VALUES (prod_id, 'https://cdn.ortobom.com.br/file/e9c581a8-1cc0-4a3d-85c3-a7a42063cffb/COLCHAO-LIBERTY-CASAL--10-.jpg', 'Colchão Liberty', 8);
  INSERT INTO product_images (product_id, url, alt, position)
    VALUES (prod_id, 'https://cdn.ortobom.com.br/file/42c1f642-ff08-4053-8a37-2d69f9a486da/COLCHAO-LIBERTY-CASAL--2-.jpg', 'Colchão Liberty', 9);
  INSERT INTO product_images (product_id, url, alt, position)
    VALUES (prod_id, 'https://cdn.ortobom.com.br/file/5ee4d190-90c7-49c2-8322-18595b17cdb2/COLCHAO-LIBERTY-CASAL--4-.jpg', 'Colchão Liberty', 10);
  INSERT INTO variants (product_id, size, price, compare_at_price, sku, dimensions, stock)
    VALUES (prod_id, 'Padrão', 3099, 4550, 'colchao-liberty-PADRÃ', NULL, 50);

  -- ── Product: Colchão Absolut Hybrid ──────────────────────
  SELECT id INTO cat_id FROM categories WHERE slug = 'colchoes';
  INSERT INTO products (name, slug, description, description_html, featured_image, category_id, is_active)
    VALUES ('Colchão Absolut Hybrid', 'colchao-absolut-hybrid', NULL, NULL, 'https://cdn.ortobom.com.br/file/50abb42c-2077-4bbc-90db-7a6145f10e1a/6040703657_ABSOLUT_1000X1000_1.jpg', cat_id, true)
    ON CONFLICT (slug) DO UPDATE SET
      featured_image = EXCLUDED.featured_image,
      description = EXCLUDED.description,
      description_html = EXCLUDED.description_html
    RETURNING id INTO prod_id;
  IF prod_id IS NULL THEN
    SELECT id INTO prod_id FROM products WHERE slug = 'colchao-absolut-hybrid';
  END IF;
  INSERT INTO product_images (product_id, url, alt, position)
    VALUES (prod_id, 'https://cdn.ortobom.com.br/file/50abb42c-2077-4bbc-90db-7a6145f10e1a/6040703657_ABSOLUT_1000X1000_1.jpg', 'Colchão Absolut Hybrid', 0);
  INSERT INTO product_images (product_id, url, alt, position)
    VALUES (prod_id, 'https://cdn.ortobom.com.br/file/00a1edc8-4069-4fde-9089-c6d44048e368/6040703657_ABSOLUT_1000X1000_3.jpg', 'Colchão Absolut Hybrid', 1);
  INSERT INTO product_images (product_id, url, alt, position)
    VALUES (prod_id, 'https://cdn.ortobom.com.br/file/43af246d-2709-4831-a06d-c87ad3439848/6040703657_ABSOLUT_1000X1000_4.jpg', 'Colchão Absolut Hybrid', 2);
  INSERT INTO variants (product_id, size, price, compare_at_price, sku, dimensions, stock)
    VALUES (prod_id, 'Kit Travesseiro Royal Pillow', 6012, 4499, 'colchao-absolut-hybrid-KITTR', NULL, 50);

  -- ── Product: Colchão Pró Força ──────────────────────
  SELECT id INTO cat_id FROM categories WHERE slug = 'colchoes';
  INSERT INTO products (name, slug, description, description_html, featured_image, category_id, is_active)
    VALUES ('Colchão Pró Força', 'colchao-pro-forca', NULL, NULL, 'https://cdn.ortobom.com.br/file/e6df314e-2bfd-43d4-a01f-8d64b1f6aea4/pro%20for%C3%A7a%20site.jpg', cat_id, true)
    ON CONFLICT (slug) DO UPDATE SET
      featured_image = EXCLUDED.featured_image,
      description = EXCLUDED.description,
      description_html = EXCLUDED.description_html
    RETURNING id INTO prod_id;
  IF prod_id IS NULL THEN
    SELECT id INTO prod_id FROM products WHERE slug = 'colchao-pro-forca';
  END IF;
  INSERT INTO product_images (product_id, url, alt, position)
    VALUES (prod_id, 'https://cdn.ortobom.com.br/file/e6df314e-2bfd-43d4-a01f-8d64b1f6aea4/pro%20for%C3%A7a%20site.jpg', 'Colchão Pró Força', 0);
  INSERT INTO product_images (product_id, url, alt, position)
    VALUES (prod_id, 'https://cdn.ortobom.com.br/file/617e6afc-6434-46d1-8579-da5fb6e2134e/604070.3609%20(7).png', 'Colchão Pró Força', 1);
  INSERT INTO product_images (product_id, url, alt, position)
    VALUES (prod_id, 'https://cdn.ortobom.com.br/file/6b8e0198-839a-4f19-9b90-40b72ab9c91f/604070.3609%20(2).jpg', 'Colchão Pró Força', 2);
  INSERT INTO product_images (product_id, url, alt, position)
    VALUES (prod_id, 'https://cdn.ortobom.com.br/file/4af40221-165a-44ab-897d-a0b82c04ccbb/604070.3609%20(10).png', 'Colchão Pró Força', 3);
  INSERT INTO product_images (product_id, url, alt, position)
    VALUES (prod_id, 'https://cdn.ortobom.com.br/file/bcbd001e-e487-44d9-a2b0-5a4ff25d9359/604070.3609%20(6).jpg', 'Colchão Pró Força', 4);
  INSERT INTO product_images (product_id, url, alt, position)
    VALUES (prod_id, 'https://cdn.ortobom.com.br/file/9795024b-dd89-4603-9449-9472afb9175f/604070.3609%20(8).png', 'Colchão Pró Força', 5);
  INSERT INTO product_images (product_id, url, alt, position)
    VALUES (prod_id, 'https://cdn.ortobom.com.br/file/a9ff01de-8c02-4d42-bb63-cce7c676b0d2/604070.3609%20(9).png', 'Colchão Pró Força', 6);
  INSERT INTO product_images (product_id, url, alt, position)
    VALUES (prod_id, 'https://cdn.ortobom.com.br/file/13fc1f0d-6f72-4fbf-8b16-111139837445/604070.3609%20(4).jpg', 'Colchão Pró Força', 7);
  INSERT INTO product_images (product_id, url, alt, position)
    VALUES (prod_id, 'https://cdn.ortobom.com.br/file/9efb5835-9b3f-44ba-a34d-7a5f0d62da43/604070.3609%20(3).jpg', 'Colchão Pró Força', 8);
  INSERT INTO product_images (product_id, url, alt, position)
    VALUES (prod_id, 'https://cdn.ortobom.com.br/file/6185b4e1-b88c-4a35-b058-75292352f9a3/604070.3609%20(1).jpg', 'Colchão Pró Força', 9);
  INSERT INTO product_images (product_id, url, alt, position)
    VALUES (prod_id, 'https://cdn.ortobom.com.br/file/05067775-896f-4619-9578-2e77dc0ff521/604070.3609%20(5).jpg', 'Colchão Pró Força', 10);
  INSERT INTO variants (product_id, size, price, compare_at_price, sku, dimensions, stock)
    VALUES (prod_id, 'Padrão', 3749, 4690, 'colchao-pro-forca-PADRÃ', NULL, 50);

  -- ── Product: Colchão Pró Saúde Ortopedico ──────────────────────
  SELECT id INTO cat_id FROM categories WHERE slug = 'colchoes';
  INSERT INTO products (name, slug, description, description_html, featured_image, category_id, is_active)
    VALUES ('Colchão Pró Saúde Ortopedico', 'colchao-pro-saude-ortopedico', NULL, NULL, 'https://cdn.ortobom.com.br/file/a2af300e-5530-4f88-a92e-f8011dae4f08/ProsaudeOrtopedico.jpg.jpg', cat_id, true)
    ON CONFLICT (slug) DO UPDATE SET
      featured_image = EXCLUDED.featured_image,
      description = EXCLUDED.description,
      description_html = EXCLUDED.description_html
    RETURNING id INTO prod_id;
  IF prod_id IS NULL THEN
    SELECT id INTO prod_id FROM products WHERE slug = 'colchao-pro-saude-ortopedico';
  END IF;
  INSERT INTO product_images (product_id, url, alt, position)
    VALUES (prod_id, 'https://cdn.ortobom.com.br/file/a2af300e-5530-4f88-a92e-f8011dae4f08/ProsaudeOrtopedico.jpg.jpg', 'Colchão Pró Saúde Ortopedico', 0);
  INSERT INTO product_images (product_id, url, alt, position)
    VALUES (prod_id, 'https://cdn.ortobom.com.br/file/1dd9e28f-4b98-4caa-832d-2ea596ab6bd5/ProsaudeOrtopedico2.jpg.jpg', 'Colchão Pró Saúde Ortopedico', 1);
  INSERT INTO product_images (product_id, url, alt, position)
    VALUES (prod_id, 'https://cdn.ortobom.com.br/file/a079268c-5151-40f9-938c-104bfadf8f06/ProsaudeOrtopedico3.jpg.jpg', 'Colchão Pró Saúde Ortopedico', 2);
  INSERT INTO product_images (product_id, url, alt, position)
    VALUES (prod_id, 'https://cdn.ortobom.com.br/file/698fae05-8105-43c4-ab12-cb0a2cb786ef/ProsaudeOrtopedico4.jpg.jpg', 'Colchão Pró Saúde Ortopedico', 3);
  INSERT INTO product_images (product_id, url, alt, position)
    VALUES (prod_id, 'https://cdn.ortobom.com.br/file/aad292df-8b2f-487c-b3c3-d588b2fdd5ec/ProsaudeOrtopedico5.jpg.jpg', 'Colchão Pró Saúde Ortopedico', 4);
  INSERT INTO product_images (product_id, url, alt, position)
    VALUES (prod_id, 'https://cdn.ortobom.com.br/file/eeb49e88-9320-48b0-811d-8091ae805b20/ProsaudeOrtopedico6.jpg.jpg', 'Colchão Pró Saúde Ortopedico', 5);
  INSERT INTO product_images (product_id, url, alt, position)
    VALUES (prod_id, 'https://cdn.ortobom.com.br/file/d6f87f86-90cf-4150-9560-3d5804ac106a/ProsaudeOrtopedico7.jpg.jpg', 'Colchão Pró Saúde Ortopedico', 6);
  INSERT INTO variants (product_id, size, price, compare_at_price, sku, dimensions, stock)
    VALUES (prod_id, '10x de R$ 211,00', 2823, 1999, 'colchao-pro-saude-ortopedico-10XDE', NULL, 50);

  -- ── Product: Colchão Pró Saúde Superpocket ──────────────────────
  SELECT id INTO cat_id FROM categories WHERE slug = 'colchoes';
  INSERT INTO products (name, slug, description, description_html, featured_image, category_id, is_active)
    VALUES ('Colchão Pró Saúde Superpocket', 'colchao-pro-saude-superpocket', NULL, NULL, 'https://cdn.ortobom.com.br/file/4c7ce4b1-7d53-423a-a622-f8175e6913d8/ProSaudeSuperpocket.jpg.jpg', cat_id, true)
    ON CONFLICT (slug) DO UPDATE SET
      featured_image = EXCLUDED.featured_image,
      description = EXCLUDED.description,
      description_html = EXCLUDED.description_html
    RETURNING id INTO prod_id;
  IF prod_id IS NULL THEN
    SELECT id INTO prod_id FROM products WHERE slug = 'colchao-pro-saude-superpocket';
  END IF;
  INSERT INTO product_images (product_id, url, alt, position)
    VALUES (prod_id, 'https://cdn.ortobom.com.br/file/4c7ce4b1-7d53-423a-a622-f8175e6913d8/ProSaudeSuperpocket.jpg.jpg', 'Colchão Pró Saúde Superpocket', 0);
  INSERT INTO product_images (product_id, url, alt, position)
    VALUES (prod_id, 'https://cdn.ortobom.com.br/file/aad73803-baa9-4a26-8fd5-17b3a007e4b1/ProSaudeSuperpocket2.jpg.jpg', 'Colchão Pró Saúde Superpocket', 1);
  INSERT INTO product_images (product_id, url, alt, position)
    VALUES (prod_id, 'https://cdn.ortobom.com.br/file/06fc5e50-dc14-43a2-8e76-45720f9fa2ab/ProSaudeSuperpocket3.jpg.jpg', 'Colchão Pró Saúde Superpocket', 2);
  INSERT INTO product_images (product_id, url, alt, position)
    VALUES (prod_id, 'https://cdn.ortobom.com.br/file/5016b912-c842-4a26-809c-73a56753da78/ProSaudeSuperpocket4.jpg.jpg', 'Colchão Pró Saúde Superpocket', 3);
  INSERT INTO product_images (product_id, url, alt, position)
    VALUES (prod_id, 'https://cdn.ortobom.com.br/file/674c5b8f-e602-4442-98ef-b361afc9d888/ProSaudeSuperpocket5.jpg.jpg', 'Colchão Pró Saúde Superpocket', 4);
  INSERT INTO product_images (product_id, url, alt, position)
    VALUES (prod_id, 'https://cdn.ortobom.com.br/file/9293b6d1-794f-41de-ac1f-d0f450d9c705/ProSaudeSuperpocket6.jpg.jpg', 'Colchão Pró Saúde Superpocket', 5);
  INSERT INTO product_images (product_id, url, alt, position)
    VALUES (prod_id, 'https://cdn.ortobom.com.br/file/2c59915d-3d56-43c8-8af0-9d2d1d146ca2/ProSaudeSuperpocket7.jpg.jpg', 'Colchão Pró Saúde Superpocket', 6);
  INSERT INTO product_images (product_id, url, alt, position)
    VALUES (prod_id, 'https://cdn.ortobom.com.br/file/0ce008ea-1144-41bd-a038-924d7af82396/ProSaudeSuperpocket8.jpg.jpg', 'Colchão Pró Saúde Superpocket', 7);
  INSERT INTO variants (product_id, size, price, compare_at_price, sku, dimensions, stock)
    VALUES (prod_id, 'Padrão', 2249, 2800, 'colchao-pro-saude-superpocket-PADRÃ', NULL, 50);

  -- ── Product: Colchão Ouro Spring ──────────────────────
  SELECT id INTO cat_id FROM categories WHERE slug = 'colchoes';
  INSERT INTO products (name, slug, description, description_html, featured_image, category_id, is_active)
    VALUES ('Colchão Ouro Spring', 'colchao-ouro-spring', NULL, NULL, 'https://cdn.ortobom.com.br/file/94fb3845-5464-4d69-ab2f-8cf30b6938b2/ouro%20spring%20site.jpg', cat_id, true)
    ON CONFLICT (slug) DO UPDATE SET
      featured_image = EXCLUDED.featured_image,
      description = EXCLUDED.description,
      description_html = EXCLUDED.description_html
    RETURNING id INTO prod_id;
  IF prod_id IS NULL THEN
    SELECT id INTO prod_id FROM products WHERE slug = 'colchao-ouro-spring';
  END IF;
  INSERT INTO product_images (product_id, url, alt, position)
    VALUES (prod_id, 'https://cdn.ortobom.com.br/file/94fb3845-5464-4d69-ab2f-8cf30b6938b2/ouro%20spring%20site.jpg', 'Colchão Ouro Spring', 0);
  INSERT INTO product_images (product_id, url, alt, position)
    VALUES (prod_id, 'https://cdn.ortobom.com.br/file/c8b0d84a-5e76-4c14-aa6f-8ac4b6e11bcb/COLCHAO-OURO-SPRING-CASAL.jpg', 'Colchão Ouro Spring', 1);
  INSERT INTO product_images (product_id, url, alt, position)
    VALUES (prod_id, 'https://cdn.ortobom.com.br/file/88cf0b3c-45b1-400e-8dbf-3889f5367b87/COLCHAO-OURO-SPRING-CASAL--5-.jpg', 'Colchão Ouro Spring', 2);
  INSERT INTO product_images (product_id, url, alt, position)
    VALUES (prod_id, 'https://cdn.ortobom.com.br/file/f110ae97-21d6-4b6f-9f29-5fb8e1a4d111/COLCHAO-OURO-SPRING-CASAL--8-.jpg', 'Colchão Ouro Spring', 3);
  INSERT INTO product_images (product_id, url, alt, position)
    VALUES (prod_id, 'https://cdn.ortobom.com.br/file/2e07e51b-7f6b-44bf-8890-c90cb3208042/COLCHAO-OURO-SPRING-CASAL--9-.jpg', 'Colchão Ouro Spring', 4);
  INSERT INTO product_images (product_id, url, alt, position)
    VALUES (prod_id, 'https://cdn.ortobom.com.br/file/7d79a348-9cc6-4fae-915c-5149fedb7aae/COLCHAO-OURO-SPRING-CASAL--2-.jpg', 'Colchão Ouro Spring', 5);
  INSERT INTO product_images (product_id, url, alt, position)
    VALUES (prod_id, 'https://cdn.ortobom.com.br/file/413ab353-447d-4a55-aaf3-a843120757db/Ortobom0181-1.jpg', 'Colchão Ouro Spring', 6);
  INSERT INTO product_images (product_id, url, alt, position)
    VALUES (prod_id, 'https://cdn.ortobom.com.br/file/5b380adc-40ea-4678-97c6-4626e31f8b3e/Ortobom0227-1.jpg', 'Colchão Ouro Spring', 7);
  INSERT INTO product_images (product_id, url, alt, position)
    VALUES (prod_id, 'https://cdn.ortobom.com.br/file/5ceecf0f-3fc6-4fb6-afb4-928dd0634fc9/OURO-SPRING-3.jpg', 'Colchão Ouro Spring', 8);
  INSERT INTO product_images (product_id, url, alt, position)
    VALUES (prod_id, 'https://cdn.ortobom.com.br/file/954e1638-1237-406f-9f54-be8012f6d6f2/OURO-SPRING-1.jpg', 'Colchão Ouro Spring', 9);
  INSERT INTO product_images (product_id, url, alt, position)
    VALUES (prod_id, 'https://cdn.ortobom.com.br/file/90b72910-9adb-491c-a1c8-c1e05e8d10fa/OURO-SPRING-2.jpg', 'Colchão Ouro Spring', 10);
  INSERT INTO variants (product_id, size, price, compare_at_price, sku, dimensions, stock)
    VALUES (prod_id, 'Padrão', 2849, 4398, 'colchao-ouro-spring-PADRÃ', NULL, 50);

  -- ── Product: Base Sommier Orthopur ──────────────────────
  SELECT id INTO cat_id FROM categories WHERE slug = 'camas';
  INSERT INTO products (name, slug, description, description_html, featured_image, category_id, is_active)
    VALUES ('Base Sommier Orthopur', 'base-sommier-orthopur', NULL, NULL, 'https://cdn.ortobom.com.br/file/cd1b168a-bc07-4258-a713-a8ef98a5b056/BASE-SOMM--ORTHOPUR-2.4-CASAL--7-.jpg', cat_id, true)
    ON CONFLICT (slug) DO UPDATE SET
      featured_image = EXCLUDED.featured_image,
      description = EXCLUDED.description,
      description_html = EXCLUDED.description_html
    RETURNING id INTO prod_id;
  IF prod_id IS NULL THEN
    SELECT id INTO prod_id FROM products WHERE slug = 'base-sommier-orthopur';
  END IF;
  INSERT INTO product_images (product_id, url, alt, position)
    VALUES (prod_id, 'https://cdn.ortobom.com.br/file/cd1b168a-bc07-4258-a713-a8ef98a5b056/BASE-SOMM--ORTHOPUR-2.4-CASAL--7-.jpg', 'Base Sommier Orthopur', 0);
  INSERT INTO product_images (product_id, url, alt, position)
    VALUES (prod_id, 'https://cdn.ortobom.com.br/file/8089dd48-5987-4082-81c8-64d238efc020/BASE-SOMM--ORTHOPUR-2.4-CASAL--4-.jpg', 'Base Sommier Orthopur', 1);
  INSERT INTO product_images (product_id, url, alt, position)
    VALUES (prod_id, 'https://cdn.ortobom.com.br/file/79e5542a-0b88-41db-b147-738ff32633cb/BASE-SOMM--ORTHOPUR-2.4-CASAL--5-.jpg', 'Base Sommier Orthopur', 2);
  INSERT INTO product_images (product_id, url, alt, position)
    VALUES (prod_id, 'https://cdn.ortobom.com.br/file/6c358e34-d207-4e16-af98-f49da3a5b648/BASE-SOMM--ORTHOPUR-2.4-CASAL--3-.jpg', 'Base Sommier Orthopur', 3);
  INSERT INTO product_images (product_id, url, alt, position)
    VALUES (prod_id, 'https://cdn.ortobom.com.br/file/ea12c246-40a4-4b04-b1bf-1b9fc68b78c5/BASE-SOMM--ORTHOPUR-2.4-CASAL--6-.jpg', 'Base Sommier Orthopur', 4);
  INSERT INTO product_images (product_id, url, alt, position)
    VALUES (prod_id, 'https://cdn.ortobom.com.br/file/b8e85651-675e-4d04-a283-8e360a3f8eb4/BASE-SOMM--ORTHOPUR-2.4-CASAL.jpg', 'Base Sommier Orthopur', 5);
  INSERT INTO variants (product_id, size, price, compare_at_price, sku, dimensions, stock)
    VALUES (prod_id, 'Padrão', 899, 880, 'base-sommier-orthopur-PADRÃ', NULL, 50);

  -- ── Product: Base Sommier Pró Saúde ──────────────────────
  SELECT id INTO cat_id FROM categories WHERE slug = 'camas';
  INSERT INTO products (name, slug, description, description_html, featured_image, category_id, is_active)
    VALUES ('Base Sommier Pró Saúde', 'base-sommier-pro-saude', NULL, NULL, 'https://cdn.ortobom.com.br/file/151a45af-3ec0-453b-887c-59a2aa4e26ac/6050649952_P.png', cat_id, true)
    ON CONFLICT (slug) DO UPDATE SET
      featured_image = EXCLUDED.featured_image,
      description = EXCLUDED.description,
      description_html = EXCLUDED.description_html
    RETURNING id INTO prod_id;
  IF prod_id IS NULL THEN
    SELECT id INTO prod_id FROM products WHERE slug = 'base-sommier-pro-saude';
  END IF;
  INSERT INTO product_images (product_id, url, alt, position)
    VALUES (prod_id, 'https://cdn.ortobom.com.br/file/151a45af-3ec0-453b-887c-59a2aa4e26ac/6050649952_P.png', 'Base Sommier Pró Saúde', 0);
  INSERT INTO product_images (product_id, url, alt, position)
    VALUES (prod_id, 'https://cdn.ortobom.com.br/file/9fd68840-e058-43ba-8b9f-9974f2732693/Camada-80.jpg.jpg', 'Base Sommier Pró Saúde', 1);
  INSERT INTO product_images (product_id, url, alt, position)
    VALUES (prod_id, 'https://cdn.ortobom.com.br/file/b144908b-cc5b-4b4d-83eb-f68dddbf4eb6/Camada-78.jpg.jpg', 'Base Sommier Pró Saúde', 2);
  INSERT INTO product_images (product_id, url, alt, position)
    VALUES (prod_id, 'https://cdn.ortobom.com.br/file/ab6aabcb-a227-4794-b053-674c5f452368/Camada-79.jpg.jpg', 'Base Sommier Pró Saúde', 3);
  INSERT INTO variants (product_id, size, price, compare_at_price, sku, dimensions, stock)
    VALUES (prod_id, 'Padrão', 729, 908, 'base-sommier-pro-saude-PADRÃ', NULL, 50);

  -- ── Product: Base Sommier Liberty ──────────────────────
  SELECT id INTO cat_id FROM categories WHERE slug = 'camas';
  INSERT INTO products (name, slug, description, description_html, featured_image, category_id, is_active)
    VALUES ('Base Sommier Liberty', 'base-sommier-liberty', NULL, NULL, 'https://cdn.ortobom.com.br/file/02adf6bb-7cf9-40bc-b755-a84b9c268bab/BASE-SOMMIER-LIBERTY-CASAL--7-.jpg', cat_id, true)
    ON CONFLICT (slug) DO UPDATE SET
      featured_image = EXCLUDED.featured_image,
      description = EXCLUDED.description,
      description_html = EXCLUDED.description_html
    RETURNING id INTO prod_id;
  IF prod_id IS NULL THEN
    SELECT id INTO prod_id FROM products WHERE slug = 'base-sommier-liberty';
  END IF;
  INSERT INTO product_images (product_id, url, alt, position)
    VALUES (prod_id, 'https://cdn.ortobom.com.br/file/02adf6bb-7cf9-40bc-b755-a84b9c268bab/BASE-SOMMIER-LIBERTY-CASAL--7-.jpg', 'Base Sommier Liberty', 0);
  INSERT INTO product_images (product_id, url, alt, position)
    VALUES (prod_id, 'https://cdn.ortobom.com.br/file/1dd388ef-3aac-462a-be3f-8552b6fac241/BASE-SOMMIER-LIBERTY-CASAL--5-.jpg', 'Base Sommier Liberty', 1);
  INSERT INTO product_images (product_id, url, alt, position)
    VALUES (prod_id, 'https://cdn.ortobom.com.br/file/82759080-0d37-4388-bb0c-e3da3acf8bb9/BASE-SOMMIER-LIBERTY-CASAL--2-.jpg', 'Base Sommier Liberty', 2);
  INSERT INTO product_images (product_id, url, alt, position)
    VALUES (prod_id, 'https://cdn.ortobom.com.br/file/8341603f-340c-431e-b426-682cd5685391/BASE-SOMMIER-LIBERTY-CASAL--6-.jpg', 'Base Sommier Liberty', 3);
  INSERT INTO product_images (product_id, url, alt, position)
    VALUES (prod_id, 'https://cdn.ortobom.com.br/file/5b4f8cc3-278b-4e61-9f28-e6efc95783ad/BASE-SOMMIER-LIBERTY-CASAL.jpg', 'Base Sommier Liberty', 4);
  INSERT INTO product_images (product_id, url, alt, position)
    VALUES (prod_id, 'https://cdn.ortobom.com.br/file/004d2e08-4d77-4d7a-b19f-28d794973a16/BASE-SOMMIER-LIBERTY-CASAL--4-.jpg', 'Base Sommier Liberty', 5);
  INSERT INTO variants (product_id, size, price, compare_at_price, sku, dimensions, stock)
    VALUES (prod_id, 'Padrão', 829, 1389, 'base-sommier-liberty-PADRÃ', NULL, 50);

  -- ── Product: Base Sommier Baú Fashion Nobuck ──────────────────────
  SELECT id INTO cat_id FROM categories WHERE slug = 'camas';
  INSERT INTO products (name, slug, description, description_html, featured_image, category_id, is_active)
    VALUES ('Base Sommier Baú Fashion Nobuck', 'base-sommier-bau-fashion-nobuck', NULL, NULL, 'https://cdn.ortobom.com.br/file/79aa3d0f-ca23-4bf4-8efb-b61da47ad189/BASE-SOMMIER-BAU-FASHION-NOBUCK-CREAM-CASAL--5-.jpg', cat_id, true)
    ON CONFLICT (slug) DO UPDATE SET
      featured_image = EXCLUDED.featured_image,
      description = EXCLUDED.description,
      description_html = EXCLUDED.description_html
    RETURNING id INTO prod_id;
  IF prod_id IS NULL THEN
    SELECT id INTO prod_id FROM products WHERE slug = 'base-sommier-bau-fashion-nobuck';
  END IF;
  INSERT INTO product_images (product_id, url, alt, position)
    VALUES (prod_id, 'https://cdn.ortobom.com.br/file/79aa3d0f-ca23-4bf4-8efb-b61da47ad189/BASE-SOMMIER-BAU-FASHION-NOBUCK-CREAM-CASAL--5-.jpg', 'Base Sommier Baú Fashion Nobuck', 0);
  INSERT INTO product_images (product_id, url, alt, position)
    VALUES (prod_id, 'https://cdn.ortobom.com.br/file/a120252f-6573-42b9-9d95-3bca351524a0/21910.jpg', 'Base Sommier Baú Fashion Nobuck', 1);
  INSERT INTO product_images (product_id, url, alt, position)
    VALUES (prod_id, 'https://cdn.ortobom.com.br/file/63e30bcf-1316-4a8d-9c4d-7305d6bc6d93/BASE-SOMMIER-BAU-FASHION-NOBUCK-CREAM-CASAL--4-.jpg', 'Base Sommier Baú Fashion Nobuck', 2);
  INSERT INTO product_images (product_id, url, alt, position)
    VALUES (prod_id, 'https://cdn.ortobom.com.br/file/dc2604d2-60b8-450b-8cf0-3c59aaaaf79e/BASE-SOMMIER-BAU-FASHION-NOBUCK-CREAM-CASAL--7-.jpg', 'Base Sommier Baú Fashion Nobuck', 3);
  INSERT INTO product_images (product_id, url, alt, position)
    VALUES (prod_id, 'https://cdn.ortobom.com.br/file/44e7cb6b-4a86-4b80-af42-7b866cf369e6/BASE-SOMMIER-BAU-FASHION-NOBUCK-CREAM-CASAL--6-.jpg', 'Base Sommier Baú Fashion Nobuck', 4);
  INSERT INTO product_images (product_id, url, alt, position)
    VALUES (prod_id, 'https://cdn.ortobom.com.br/file/4bc53429-d419-4db0-ab4e-3e5e9e8cdf6c/BASE-SOMMIER-BAU-FASHION-NOBUCK-CREAM-CASAL--2-.jpg', 'Base Sommier Baú Fashion Nobuck', 5);
  INSERT INTO product_images (product_id, url, alt, position)
    VALUES (prod_id, 'https://cdn.ortobom.com.br/file/d114e3a5-52ef-40e2-97d3-059c30a2fb5c/BASE-SOMMIER-BAU-FASHION-NOBUCK-CREAM-CASAL--3-.jpg', 'Base Sommier Baú Fashion Nobuck', 6);
  INSERT INTO product_images (product_id, url, alt, position)
    VALUES (prod_id, 'https://cdn.ortobom.com.br/file/30c33db6-df60-4630-a29b-7e1db72b5c01/BASE-SOMMIER-BAU-FASHION-NOBUCK-CREAM-CASAL.jpg', 'Base Sommier Baú Fashion Nobuck', 7);
  INSERT INTO product_images (product_id, url, alt, position)
    VALUES (prod_id, 'https://cdn.ortobom.com.br/file/273e024a-c63a-45d0-a3c6-51a565c307aa/CREME.jpg', 'Base Sommier Baú Fashion Nobuck', 8);
  INSERT INTO product_images (product_id, url, alt, position)
    VALUES (prod_id, 'https://cdn.ortobom.com.br/file/f0b7b5ff-fbfa-416e-ad54-d97d360f2e28/CREME.jpg', 'Base Sommier Baú Fashion Nobuck', 9);
  INSERT INTO variants (product_id, size, price, compare_at_price, sku, dimensions, stock)
    VALUES (prod_id, 'Padrão', 1399, 2500, 'base-sommier-bau-fashion-nobuck-PADRÃ', NULL, 50);

  -- ── Product: Base Sommier Ouro Spring ──────────────────────
  SELECT id INTO cat_id FROM categories WHERE slug = 'camas';
  INSERT INTO products (name, slug, description, description_html, featured_image, category_id, is_active)
    VALUES ('Base Sommier Ouro Spring', 'base-sommier-ouro-spring', NULL, NULL, 'https://cdn.ortobom.com.br/file/10e31c87-7431-432f-9db0-be1b7f93c08f/BASE-SOMMIER-OURO-SPRING-CASAL--2-.jpg', cat_id, true)
    ON CONFLICT (slug) DO UPDATE SET
      featured_image = EXCLUDED.featured_image,
      description = EXCLUDED.description,
      description_html = EXCLUDED.description_html
    RETURNING id INTO prod_id;
  IF prod_id IS NULL THEN
    SELECT id INTO prod_id FROM products WHERE slug = 'base-sommier-ouro-spring';
  END IF;
  INSERT INTO product_images (product_id, url, alt, position)
    VALUES (prod_id, 'https://cdn.ortobom.com.br/file/10e31c87-7431-432f-9db0-be1b7f93c08f/BASE-SOMMIER-OURO-SPRING-CASAL--2-.jpg', 'Base Sommier Ouro Spring', 0);
  INSERT INTO product_images (product_id, url, alt, position)
    VALUES (prod_id, 'https://cdn.ortobom.com.br/file/4487b49a-47d1-40ad-b3ca-44b86f68c1d5/BASE-SOMMIER-OURO-SPRING-CASAL--6-.jpg', 'Base Sommier Ouro Spring', 1);
  INSERT INTO product_images (product_id, url, alt, position)
    VALUES (prod_id, 'https://cdn.ortobom.com.br/file/81e1b582-ec8c-4ef7-9afa-42dc63e49b9c/BASE-SOMMIER-OURO-SPRING-CASAL--4-.jpg', 'Base Sommier Ouro Spring', 2);
  INSERT INTO product_images (product_id, url, alt, position)
    VALUES (prod_id, 'https://cdn.ortobom.com.br/file/f54294a8-4d42-4e60-a9b7-83441a6f7111/BASE-SOMMIER-OURO-SPRING-CASAL--5-.jpg', 'Base Sommier Ouro Spring', 3);
  INSERT INTO product_images (product_id, url, alt, position)
    VALUES (prod_id, 'https://cdn.ortobom.com.br/file/915d0c14-4623-47b7-a5e8-09272744e830/BASE-SOMMIER-OURO-SPRING-CASAL.jpg', 'Base Sommier Ouro Spring', 4);
  INSERT INTO product_images (product_id, url, alt, position)
    VALUES (prod_id, 'https://cdn.ortobom.com.br/file/3f1166f6-43d2-4688-8169-28a01f7ab8bc/BASE-SOMMIER-OURO-SPRING-CASAL--3-.jpg', 'Base Sommier Ouro Spring', 5);
  INSERT INTO variants (product_id, size, price, compare_at_price, sku, dimensions, stock)
    VALUES (prod_id, 'Padrão', 839, 1090, 'base-sommier-ouro-spring-PADRÃ', NULL, 50);

  -- ── Product: Base Sommier Pró Força ──────────────────────
  SELECT id INTO cat_id FROM categories WHERE slug = 'camas';
  INSERT INTO products (name, slug, description, description_html, featured_image, category_id, is_active)
    VALUES ('Base Sommier Pró Força', 'base-sommier-pro-forca', NULL, NULL, 'https://cdn.ortobom.com.br/file/1c33395d-7f30-46d6-a07c-df2c7f2eef05/BASE-SOMMIER-PRO-FORCA-CASAL--2-.jpg', cat_id, true)
    ON CONFLICT (slug) DO UPDATE SET
      featured_image = EXCLUDED.featured_image,
      description = EXCLUDED.description,
      description_html = EXCLUDED.description_html
    RETURNING id INTO prod_id;
  IF prod_id IS NULL THEN
    SELECT id INTO prod_id FROM products WHERE slug = 'base-sommier-pro-forca';
  END IF;
  INSERT INTO product_images (product_id, url, alt, position)
    VALUES (prod_id, 'https://cdn.ortobom.com.br/file/1c33395d-7f30-46d6-a07c-df2c7f2eef05/BASE-SOMMIER-PRO-FORCA-CASAL--2-.jpg', 'Base Sommier Pró Força', 0);
  INSERT INTO product_images (product_id, url, alt, position)
    VALUES (prod_id, 'https://cdn.ortobom.com.br/file/150afb01-e773-4978-9f01-4ab21501735e/BASE-SOMMIER-PRO-FORCA-CASAL--6-.jpg', 'Base Sommier Pró Força', 1);
  INSERT INTO product_images (product_id, url, alt, position)
    VALUES (prod_id, 'https://cdn.ortobom.com.br/file/0e00e771-4fb4-40d6-a628-3d81f6461c6e/BASE-SOMMIER-PRO-FORCA-CASAL--4-.jpg', 'Base Sommier Pró Força', 2);
  INSERT INTO product_images (product_id, url, alt, position)
    VALUES (prod_id, 'https://cdn.ortobom.com.br/file/4bf7bc80-4a34-4dc7-be80-5e4adcc283db/BASE-SOMMIER-PRO-FORCA-CASAL--5-.jpg', 'Base Sommier Pró Força', 3);
  INSERT INTO product_images (product_id, url, alt, position)
    VALUES (prod_id, 'https://cdn.ortobom.com.br/file/0e09e187-99c2-4096-8009-d16a20780c44/BASE-SOMMIER-PRO-FORCA-CASAL.jpg', 'Base Sommier Pró Força', 4);
  INSERT INTO product_images (product_id, url, alt, position)
    VALUES (prod_id, 'https://cdn.ortobom.com.br/file/ca4fc2b9-a94f-4e9e-90e1-e050c0947cac/BASE-SOMMIER-PRO-FORCA-CASAL--3-.jpg', 'Base Sommier Pró Força', 5);
  INSERT INTO variants (product_id, size, price, compare_at_price, sku, dimensions, stock)
    VALUES (prod_id, 'Padrão', 859, 1440, 'base-sommier-pro-forca-PADRÃ', NULL, 50);

  -- ── Product: Base Sommier Orion ──────────────────────
  SELECT id INTO cat_id FROM categories WHERE slug = 'camas';
  INSERT INTO products (name, slug, description, description_html, featured_image, category_id, is_active)
    VALUES ('Base Sommier Orion', 'base-sommier-orion', NULL, NULL, 'https://cdn.ortobom.com.br/file/e2102d94-e21b-41dc-8fd0-b22734876092/6_Frame%206_138X188,21781_NoLogo,46853.jpg', cat_id, true)
    ON CONFLICT (slug) DO UPDATE SET
      featured_image = EXCLUDED.featured_image,
      description = EXCLUDED.description,
      description_html = EXCLUDED.description_html
    RETURNING id INTO prod_id;
  IF prod_id IS NULL THEN
    SELECT id INTO prod_id FROM products WHERE slug = 'base-sommier-orion';
  END IF;
  INSERT INTO product_images (product_id, url, alt, position)
    VALUES (prod_id, 'https://cdn.ortobom.com.br/file/e2102d94-e21b-41dc-8fd0-b22734876092/6_Frame%206_138X188,21781_NoLogo,46853.jpg', 'Base Sommier Orion', 0);
  INSERT INTO product_images (product_id, url, alt, position)
    VALUES (prod_id, 'https://cdn.ortobom.com.br/file/adfb0f34-7919-4ea1-930d-6997969bcdcd/1_Frame%201_21781_NoLogo,46853,88X188.jpg', 'Base Sommier Orion', 1);
  INSERT INTO product_images (product_id, url, alt, position)
    VALUES (prod_id, 'https://cdn.ortobom.com.br/file/6b948959-8d08-4beb-9f20-72b01816509d/6_Frame%206_138X188,21781_NoLogo,4685l3.jpg', 'Base Sommier Orion', 2);
  INSERT INTO product_images (product_id, url, alt, position)
    VALUES (prod_id, 'https://cdn.ortobom.com.br/file/d7817d06-96d4-4c78-8971-936e1e3b7f81/9_Frame%209_21781_NoLogo,46853,88X188.jpg', 'Base Sommier Orion', 3);
  INSERT INTO product_images (product_id, url, alt, position)
    VALUES (prod_id, 'https://cdn.ortobom.com.br/file/09170e58-50b1-4050-bacd-028afdf41f1d/detail_Single%20shot_21781_NoLogo,46853,88X188%20(1).jpg', 'Base Sommier Orion', 4);
  INSERT INTO product_images (product_id, url, alt, position)
    VALUES (prod_id, 'https://cdn.ortobom.com.br/file/41607c2a-485d-438c-b215-3505c4a50ecb/detail_Single%20shot_21781_NoLogo,46853,88X188%20(2).jpg', 'Base Sommier Orion', 5);
  INSERT INTO product_images (product_id, url, alt, position)
    VALUES (prod_id, 'https://cdn.ortobom.com.br/file/5e6615df-3c7f-46c3-b7ef-b9d49fdc61ec/detail_Single%20shot_21781_NoLogo,46853,88X188.jpg', 'Base Sommier Orion', 6);
  INSERT INTO variants (product_id, size, price, compare_at_price, sku, dimensions, stock)
    VALUES (prod_id, 'Padrão', 1289, 1605, 'base-sommier-orion-PADRÃ', NULL, 50);

  -- ── Product: Base Sommier Bellona ──────────────────────
  SELECT id INTO cat_id FROM categories WHERE slug = 'camas';
  INSERT INTO products (name, slug, description, description_html, featured_image, category_id, is_active)
    VALUES ('Base Sommier Bellona', 'base-sommier-bellona', NULL, NULL, 'https://cdn.ortobom.com.br/file/1998b98d-ed71-4a21-bec2-195b87b45bf8/BASE-SOMMIER-BELLONA-CASAL--2-.jpg', cat_id, true)
    ON CONFLICT (slug) DO UPDATE SET
      featured_image = EXCLUDED.featured_image,
      description = EXCLUDED.description,
      description_html = EXCLUDED.description_html
    RETURNING id INTO prod_id;
  IF prod_id IS NULL THEN
    SELECT id INTO prod_id FROM products WHERE slug = 'base-sommier-bellona';
  END IF;
  INSERT INTO product_images (product_id, url, alt, position)
    VALUES (prod_id, 'https://cdn.ortobom.com.br/file/1998b98d-ed71-4a21-bec2-195b87b45bf8/BASE-SOMMIER-BELLONA-CASAL--2-.jpg', 'Base Sommier Bellona', 0);
  INSERT INTO product_images (product_id, url, alt, position)
    VALUES (prod_id, 'https://cdn.ortobom.com.br/file/e2e8f414-7bf3-4ada-b2f8-de2a697e53c3/BASE-SOMMIER-BELLONA-CASAL--6-.jpg', 'Base Sommier Bellona', 1);
  INSERT INTO product_images (product_id, url, alt, position)
    VALUES (prod_id, 'https://cdn.ortobom.com.br/file/6026bcc2-b3c3-4967-868d-62fbc0cb144a/BASE-SOMMIER-BELLONA-CASAL--5-.jpg', 'Base Sommier Bellona', 2);
  INSERT INTO product_images (product_id, url, alt, position)
    VALUES (prod_id, 'https://cdn.ortobom.com.br/file/7fc91d2a-2b35-4f48-ab40-8d9b9af6fef3/BASE-SOMMIER-BELLONA-CASAL--7-.jpg', 'Base Sommier Bellona', 3);
  INSERT INTO product_images (product_id, url, alt, position)
    VALUES (prod_id, 'https://cdn.ortobom.com.br/file/0f5ba117-4e60-4a0c-b096-1d0b97228508/BASE-SOMMIER-BELLONA-CASAL.jpg', 'Base Sommier Bellona', 4);
  INSERT INTO product_images (product_id, url, alt, position)
    VALUES (prod_id, 'https://cdn.ortobom.com.br/file/4fa366de-007c-40c6-ad4f-638bb4573e1d/BASE-SOMMIER-BELLONA-CASAL--3-.jpg', 'Base Sommier Bellona', 5);
  INSERT INTO variants (product_id, size, price, compare_at_price, sku, dimensions, stock)
    VALUES (prod_id, 'Padrão', 1279, 1624, 'base-sommier-bellona-PADRÃ', NULL, 50);

  -- ── Product: Colchão Pró Saúde Visco Adapt ──────────────────────
  SELECT id INTO cat_id FROM categories WHERE slug = 'camas';
  INSERT INTO products (name, slug, description, description_html, featured_image, category_id, is_active)
    VALUES ('Colchão Pró Saúde Visco Adapt', 'colchao-pro-saude-visco-adapt', NULL, NULL, 'https://cdn.ortobom.com.br/file/40f9e9c8-0b1a-45cc-bddb-c2f09fd1f673/PRO-SAUDE-VISCO-ADAPT-CASAL--4-.jpg', cat_id, true)
    ON CONFLICT (slug) DO UPDATE SET
      featured_image = EXCLUDED.featured_image,
      description = EXCLUDED.description,
      description_html = EXCLUDED.description_html
    RETURNING id INTO prod_id;
  IF prod_id IS NULL THEN
    SELECT id INTO prod_id FROM products WHERE slug = 'colchao-pro-saude-visco-adapt';
  END IF;
  INSERT INTO product_images (product_id, url, alt, position)
    VALUES (prod_id, 'https://cdn.ortobom.com.br/file/40f9e9c8-0b1a-45cc-bddb-c2f09fd1f673/PRO-SAUDE-VISCO-ADAPT-CASAL--4-.jpg', 'Colchão Pró Saúde Visco Adapt', 0);
  INSERT INTO product_images (product_id, url, alt, position)
    VALUES (prod_id, 'https://cdn.ortobom.com.br/file/2d32f860-792e-42d1-abf4-b99802305303/PRO-SAUDE-VISCO-ADAPT-CASAL--10-.jpg', 'Colchão Pró Saúde Visco Adapt', 1);
  INSERT INTO product_images (product_id, url, alt, position)
    VALUES (prod_id, 'https://cdn.ortobom.com.br/file/c4762acc-065b-4899-b119-ae435327f975/PRO-SAUDE-VISCO-ADAPT-CASAL--7-.jpg', 'Colchão Pró Saúde Visco Adapt', 2);
  INSERT INTO product_images (product_id, url, alt, position)
    VALUES (prod_id, 'https://cdn.ortobom.com.br/file/8cfd3c28-4d9f-4d7f-8379-0ac0326f5695/PRO-SAUDE-VISCO-ADAPT-CASAL--5-.jpg', 'Colchão Pró Saúde Visco Adapt', 3);
  INSERT INTO product_images (product_id, url, alt, position)
    VALUES (prod_id, 'https://cdn.ortobom.com.br/file/5217f924-8404-4e97-934f-9d2c1d95f4ce/PRO-SAUDE-VISCO-ADAPT-CASAL--6-.jpg', 'Colchão Pró Saúde Visco Adapt', 4);
  INSERT INTO product_images (product_id, url, alt, position)
    VALUES (prod_id, 'https://cdn.ortobom.com.br/file/a442b7ae-b28b-47bd-90a0-0f2909dcfde5/PRO-SAUDE-VISCO-ADAPT-CASAL--9-.jpg', 'Colchão Pró Saúde Visco Adapt', 5);
  INSERT INTO product_images (product_id, url, alt, position)
    VALUES (prod_id, 'https://cdn.ortobom.com.br/file/e0d90049-eebd-4edc-a1f7-84239abc1781/PRO-SAUDE-VISCO-ADAPT-CASAL.jpg', 'Colchão Pró Saúde Visco Adapt', 6);
  INSERT INTO product_images (product_id, url, alt, position)
    VALUES (prod_id, 'https://cdn.ortobom.com.br/file/045b3ba2-d252-4411-8f25-b21a37a45bf7/PRO-SAUDE-VISCO-ADAPT-CASAL--3-.jpg', 'Colchão Pró Saúde Visco Adapt', 7);
  INSERT INTO product_images (product_id, url, alt, position)
    VALUES (prod_id, 'https://cdn.ortobom.com.br/file/39a2a615-62f7-4062-b801-793689482942/PRO-SAUDE-VISCO-ADAPT-CASAL--8-.jpg', 'Colchão Pró Saúde Visco Adapt', 8);
  INSERT INTO variants (product_id, size, price, compare_at_price, sku, dimensions, stock)
    VALUES (prod_id, '10x de R$ 1.489,80', 17621, 3511, 'colchao-pro-saude-visco-adapt-10XDE', NULL, 50);
  INSERT INTO variants (product_id, size, price, compare_at_price, sku, dimensions, stock)
    VALUES (prod_id, '21x de R$ 53,30', 899, 1169, 'colchao-pro-saude-visco-adapt-21XDE', NULL, 50);
  INSERT INTO variants (product_id, size, price, compare_at_price, sku, dimensions, stock)
    VALUES (prod_id, '6x de R$ 121,50', 179, 233, 'colchao-pro-saude-visco-adapt-6XDER', NULL, 50);
  INSERT INTO variants (product_id, size, price, compare_at_price, sku, dimensions, stock)
    VALUES (prod_id, '6x de R$ 138,17', 560, 728, 'colchao-pro-saude-visco-adapt-6XDER', NULL, 50);
  INSERT INTO variants (product_id, size, price, compare_at_price, sku, dimensions, stock)
    VALUES (prod_id, '6x de R$ 233,17', 1101, 1431, 'colchao-pro-saude-visco-adapt-6XDER', NULL, 50);
  INSERT INTO variants (product_id, size, price, compare_at_price, sku, dimensions, stock)
    VALUES (prod_id, '6x de R$ 139,84', 251, 326, 'colchao-pro-saude-visco-adapt-6XDER', NULL, 50);
  INSERT INTO variants (product_id, size, price, compare_at_price, sku, dimensions, stock)
    VALUES (prod_id, '21x de R$ 50,93', 581, 755, 'colchao-pro-saude-visco-adapt-21XDE', NULL, 50);
  INSERT INTO variants (product_id, size, price, compare_at_price, sku, dimensions, stock)
    VALUES (prod_id, '21x de R$ 76,42', 316, 411, 'colchao-pro-saude-visco-adapt-21XDE', NULL, 50);
  INSERT INTO variants (product_id, size, price, compare_at_price, sku, dimensions, stock)
    VALUES (prod_id, '21x de R$ 75,83', 345, 449, 'colchao-pro-saude-visco-adapt-21XDE', NULL, 50);
  INSERT INTO variants (product_id, size, price, compare_at_price, sku, dimensions, stock)
    VALUES (prod_id, '21x de R$ 165,95', 1200, 1560, 'colchao-pro-saude-visco-adapt-21XDE', NULL, 50);
  INSERT INTO variants (product_id, size, price, compare_at_price, sku, dimensions, stock)
    VALUES (prod_id, '21x de R$ 55,08', 51, 66, 'colchao-pro-saude-visco-adapt-21XDE', NULL, 50);
  INSERT INTO variants (product_id, size, price, compare_at_price, sku, dimensions, stock)
    VALUES (prod_id, '6x de R$ 156,50', 230, 299, 'colchao-pro-saude-visco-adapt-6XDER', NULL, 50);

  -- ── Product: Cabeceira Glamour Linho ──────────────────────
  SELECT id INTO cat_id FROM categories WHERE slug = 'cabeceiras';
  INSERT INTO products (name, slug, description, description_html, featured_image, category_id, is_active)
    VALUES ('Cabeceira Glamour Linho', 'cabeceira-glamour-linho', NULL, NULL, 'https://cdn.ortobom.com.br/file/8716eb1e-5880-4379-9ae1-4df748eb0de1/4070957248_P.png', cat_id, true)
    ON CONFLICT (slug) DO UPDATE SET
      featured_image = EXCLUDED.featured_image,
      description = EXCLUDED.description,
      description_html = EXCLUDED.description_html
    RETURNING id INTO prod_id;
  IF prod_id IS NULL THEN
    SELECT id INTO prod_id FROM products WHERE slug = 'cabeceira-glamour-linho';
  END IF;
  INSERT INTO product_images (product_id, url, alt, position)
    VALUES (prod_id, 'https://cdn.ortobom.com.br/file/8716eb1e-5880-4379-9ae1-4df748eb0de1/4070957248_P.png', 'Cabeceira Glamour Linho', 0);
  INSERT INTO product_images (product_id, url, alt, position)
    VALUES (prod_id, 'https://cdn.ortobom.com.br/file/abc6a7be-36f3-4253-8f5b-1a6eb2396fc2/4070957248%20(1).png', 'Cabeceira Glamour Linho', 1);
  INSERT INTO product_images (product_id, url, alt, position)
    VALUES (prod_id, 'https://cdn.ortobom.com.br/file/517e3a4a-f607-495c-8309-129047931596/4070957248%20(2).png', 'Cabeceira Glamour Linho', 2);
  INSERT INTO product_images (product_id, url, alt, position)
    VALUES (prod_id, 'https://cdn.ortobom.com.br/file/f03adbb4-9af3-4598-bafc-4d567081916c/4070957248_F.png', 'Cabeceira Glamour Linho', 3);
  INSERT INTO variants (product_id, size, price, compare_at_price, sku, dimensions, stock)
    VALUES (prod_id, 'Padrão', 629, 1515, 'cabeceira-glamour-linho-PADRÃ', NULL, 50);

  -- ── Product: Cabeceira Lieve Cori ──────────────────────
  SELECT id INTO cat_id FROM categories WHERE slug = 'cabeceiras';
  INSERT INTO products (name, slug, description, description_html, featured_image, category_id, is_active)
    VALUES ('Cabeceira Lieve Cori', 'cabeceira-lieve-cori', NULL, NULL, 'https://cdn.ortobom.com.br/file/5b681b14-7a8e-4c5d-8fdc-a5976ae6ab36/6040742733_4.jpg', cat_id, true)
    ON CONFLICT (slug) DO UPDATE SET
      featured_image = EXCLUDED.featured_image,
      description = EXCLUDED.description,
      description_html = EXCLUDED.description_html
    RETURNING id INTO prod_id;
  IF prod_id IS NULL THEN
    SELECT id INTO prod_id FROM products WHERE slug = 'cabeceira-lieve-cori';
  END IF;
  INSERT INTO product_images (product_id, url, alt, position)
    VALUES (prod_id, 'https://cdn.ortobom.com.br/file/5b681b14-7a8e-4c5d-8fdc-a5976ae6ab36/6040742733_4.jpg', 'Cabeceira Lieve Cori', 0);
  INSERT INTO product_images (product_id, url, alt, position)
    VALUES (prod_id, 'https://cdn.ortobom.com.br/file/769f2ad0-aa22-415b-921d-90ec3396c880/6040742733_1.jpg', 'Cabeceira Lieve Cori', 1);
  INSERT INTO product_images (product_id, url, alt, position)
    VALUES (prod_id, 'https://cdn.ortobom.com.br/file/aa2d3e21-efa0-4650-95e7-0a5a82c28d7e/6040742733_2.jpg', 'Cabeceira Lieve Cori', 2);
  INSERT INTO product_images (product_id, url, alt, position)
    VALUES (prod_id, 'https://cdn.ortobom.com.br/file/fef7091e-0673-4b20-aea8-885275e67d6d/6040742733_3.jpg', 'Cabeceira Lieve Cori', 3);
  INSERT INTO variants (product_id, size, price, compare_at_price, sku, dimensions, stock)
    VALUES (prod_id, 'Padrão', 499, 721, 'cabeceira-lieve-cori-PADRÃ', NULL, 50);

  -- ── Product: Cabeceira Lovely Facto ──────────────────────
  SELECT id INTO cat_id FROM categories WHERE slug = 'cabeceiras';
  INSERT INTO products (name, slug, description, description_html, featured_image, category_id, is_active)
    VALUES ('Cabeceira Lovely Facto', 'cabeceira-lovely-facto', NULL, NULL, 'https://cdn.ortobom.com.br/file/128d95e8-7142-4b66-b2bd-a1c737881555/4070957310_P.jpg', cat_id, true)
    ON CONFLICT (slug) DO UPDATE SET
      featured_image = EXCLUDED.featured_image,
      description = EXCLUDED.description,
      description_html = EXCLUDED.description_html
    RETURNING id INTO prod_id;
  IF prod_id IS NULL THEN
    SELECT id INTO prod_id FROM products WHERE slug = 'cabeceira-lovely-facto';
  END IF;
  INSERT INTO product_images (product_id, url, alt, position)
    VALUES (prod_id, 'https://cdn.ortobom.com.br/file/128d95e8-7142-4b66-b2bd-a1c737881555/4070957310_P.jpg', 'Cabeceira Lovely Facto', 0);
  INSERT INTO product_images (product_id, url, alt, position)
    VALUES (prod_id, 'https://cdn.ortobom.com.br/file/d7e87e25-c194-4feb-b9e2-b56e86e4d4e1/4070957310_DETALHE1.jpg', 'Cabeceira Lovely Facto', 1);
  INSERT INTO product_images (product_id, url, alt, position)
    VALUES (prod_id, 'https://cdn.ortobom.com.br/file/d05b8343-a1fa-4877-956a-afaf1af6c5d9/4070957310_DETALHE2.jpg', 'Cabeceira Lovely Facto', 2);
  INSERT INTO product_images (product_id, url, alt, position)
    VALUES (prod_id, 'https://cdn.ortobom.com.br/file/2c8e9f48-8eda-455e-a738-1bc72c3a7828/4070957310_F.jpg', 'Cabeceira Lovely Facto', 3);
  INSERT INTO variants (product_id, size, price, compare_at_price, sku, dimensions, stock)
    VALUES (prod_id, 'Padrão', 649, 1120, 'cabeceira-lovely-facto-PADRÃ', NULL, 50);

  -- ── Product: Cabeceira Cherie Veludo ──────────────────────
  SELECT id INTO cat_id FROM categories WHERE slug = 'cabeceiras';
  INSERT INTO products (name, slug, description, description_html, featured_image, category_id, is_active)
    VALUES ('Cabeceira Cherie Veludo', 'cabeceira-cherie-veludo', NULL, NULL, 'https://cdn.ortobom.com.br/file/f45b7d0d-9253-44c7-b835-56d19686959a/6040742888_P.jpg', cat_id, true)
    ON CONFLICT (slug) DO UPDATE SET
      featured_image = EXCLUDED.featured_image,
      description = EXCLUDED.description,
      description_html = EXCLUDED.description_html
    RETURNING id INTO prod_id;
  IF prod_id IS NULL THEN
    SELECT id INTO prod_id FROM products WHERE slug = 'cabeceira-cherie-veludo';
  END IF;
  INSERT INTO product_images (product_id, url, alt, position)
    VALUES (prod_id, 'https://cdn.ortobom.com.br/file/f45b7d0d-9253-44c7-b835-56d19686959a/6040742888_P.jpg', 'Cabeceira Cherie Veludo', 0);
  INSERT INTO product_images (product_id, url, alt, position)
    VALUES (prod_id, 'https://cdn.ortobom.com.br/file/3a90adac-fce5-415d-ac29-f7dc81b347f4/6040742888%20(2).jpg', 'Cabeceira Cherie Veludo', 1);
  INSERT INTO product_images (product_id, url, alt, position)
    VALUES (prod_id, 'https://cdn.ortobom.com.br/file/2093a95a-8ba6-4a81-9b75-63b97b0e3d89/6040742888.jpg', 'Cabeceira Cherie Veludo', 2);
  INSERT INTO product_images (product_id, url, alt, position)
    VALUES (prod_id, 'https://cdn.ortobom.com.br/file/06bb7966-ebd3-41b6-841d-98fa996babb8/6040742888_F.jpg', 'Cabeceira Cherie Veludo', 3);
  INSERT INTO variants (product_id, size, price, compare_at_price, sku, dimensions, stock)
    VALUES (prod_id, 'Padrão', 459, 749, 'cabeceira-cherie-veludo-PADRÃ', NULL, 50);

  -- ── Product: Cabeceira Cherie Linho ──────────────────────
  SELECT id INTO cat_id FROM categories WHERE slug = 'cabeceiras';
  INSERT INTO products (name, slug, description, description_html, featured_image, category_id, is_active)
    VALUES ('Cabeceira Cherie Linho', 'cabeceira-cherie-linho', NULL, NULL, 'https://cdn.ortobom.com.br/file/2fea0b49-5403-46c1-bcea-64079c4fd891/6040742853_P.jpg', cat_id, true)
    ON CONFLICT (slug) DO UPDATE SET
      featured_image = EXCLUDED.featured_image,
      description = EXCLUDED.description,
      description_html = EXCLUDED.description_html
    RETURNING id INTO prod_id;
  IF prod_id IS NULL THEN
    SELECT id INTO prod_id FROM products WHERE slug = 'cabeceira-cherie-linho';
  END IF;
  INSERT INTO product_images (product_id, url, alt, position)
    VALUES (prod_id, 'https://cdn.ortobom.com.br/file/2fea0b49-5403-46c1-bcea-64079c4fd891/6040742853_P.jpg', 'Cabeceira Cherie Linho', 0);
  INSERT INTO product_images (product_id, url, alt, position)
    VALUES (prod_id, 'https://cdn.ortobom.com.br/file/9a9f6e6e-86d2-485c-ab55-93796743c16b/6040742853%20(2).jpg', 'Cabeceira Cherie Linho', 1);
  INSERT INTO product_images (product_id, url, alt, position)
    VALUES (prod_id, 'https://cdn.ortobom.com.br/file/b4457ce3-4689-454d-b50e-108d6c2f42f2/6040742853.jpg', 'Cabeceira Cherie Linho', 2);
  INSERT INTO product_images (product_id, url, alt, position)
    VALUES (prod_id, 'https://cdn.ortobom.com.br/file/eabdc353-77d0-45dc-84f7-5a50201d5d7e/6040742853_F.jpg', 'Cabeceira Cherie Linho', 3);
  INSERT INTO variants (product_id, size, price, compare_at_price, sku, dimensions, stock)
    VALUES (prod_id, 'Padrão', 779, 1014, 'cabeceira-cherie-linho-PADRÃ', NULL, 50);

  -- ── Product: Cabeceira Lieve Facto ──────────────────────
  SELECT id INTO cat_id FROM categories WHERE slug = 'cabeceiras';
  INSERT INTO products (name, slug, description, description_html, featured_image, category_id, is_active)
    VALUES ('Cabeceira Lieve Facto', 'cabeceira-lieve-facto', NULL, NULL, 'https://cdn.ortobom.com.br/file/6e6a2842-7aad-436e-b656-9265a15d5af4/6040742737_P.jpg', cat_id, true)
    ON CONFLICT (slug) DO UPDATE SET
      featured_image = EXCLUDED.featured_image,
      description = EXCLUDED.description,
      description_html = EXCLUDED.description_html
    RETURNING id INTO prod_id;
  IF prod_id IS NULL THEN
    SELECT id INTO prod_id FROM products WHERE slug = 'cabeceira-lieve-facto';
  END IF;
  INSERT INTO product_images (product_id, url, alt, position)
    VALUES (prod_id, 'https://cdn.ortobom.com.br/file/6e6a2842-7aad-436e-b656-9265a15d5af4/6040742737_P.jpg', 'Cabeceira Lieve Facto', 0);
  INSERT INTO product_images (product_id, url, alt, position)
    VALUES (prod_id, 'https://cdn.ortobom.com.br/file/38bebcf6-497e-4a6d-8849-d14ae6ab2a7a/6040742738%20(2).jpg', 'Cabeceira Lieve Facto', 1);
  INSERT INTO product_images (product_id, url, alt, position)
    VALUES (prod_id, 'https://cdn.ortobom.com.br/file/7dea4ee0-43f8-410f-8132-bbdcd99421f5/6040742738.jpg', 'Cabeceira Lieve Facto', 2);
  INSERT INTO product_images (product_id, url, alt, position)
    VALUES (prod_id, 'https://cdn.ortobom.com.br/file/7d2668af-f254-4b95-80fe-11df6c34ec1a/6040742738_F.jpg', 'Cabeceira Lieve Facto', 3);
  INSERT INTO product_images (product_id, url, alt, position)
    VALUES (prod_id, 'https://cdn.ortobom.com.br/file/39608321-270c-4120-9066-072c7dc9155c/6040742738_P.jpg', 'Cabeceira Lieve Facto', 4);
  INSERT INTO variants (product_id, size, price, compare_at_price, sku, dimensions, stock)
    VALUES (prod_id, 'Padrão', 919, 1391, 'cabeceira-lieve-facto-PADRÃ', NULL, 50);

  -- ── Product: Cabeceira Glamour Veludo ──────────────────────
  SELECT id INTO cat_id FROM categories WHERE slug = 'cabeceiras';
  INSERT INTO products (name, slug, description, description_html, featured_image, category_id, is_active)
    VALUES ('Cabeceira Glamour Veludo', 'cabeceira-glamour-veludo', NULL, NULL, 'https://cdn.ortobom.com.br/file/016968b0-8dd9-4829-bf2c-dca6984a5ef9/6040742981_P.png', cat_id, true)
    ON CONFLICT (slug) DO UPDATE SET
      featured_image = EXCLUDED.featured_image,
      description = EXCLUDED.description,
      description_html = EXCLUDED.description_html
    RETURNING id INTO prod_id;
  IF prod_id IS NULL THEN
    SELECT id INTO prod_id FROM products WHERE slug = 'cabeceira-glamour-veludo';
  END IF;
  INSERT INTO product_images (product_id, url, alt, position)
    VALUES (prod_id, 'https://cdn.ortobom.com.br/file/016968b0-8dd9-4829-bf2c-dca6984a5ef9/6040742981_P.png', 'Cabeceira Glamour Veludo', 0);
  INSERT INTO product_images (product_id, url, alt, position)
    VALUES (prod_id, 'https://cdn.ortobom.com.br/file/61b996fd-4eb5-4e69-b86d-26823eccfa32/6040742981_DETALHE%20(2).jpg', 'Cabeceira Glamour Veludo', 1);
  INSERT INTO product_images (product_id, url, alt, position)
    VALUES (prod_id, 'https://cdn.ortobom.com.br/file/efead398-f522-4fab-becc-41b50bd944d4/6040742981_DETALHE.jpg', 'Cabeceira Glamour Veludo', 2);
  INSERT INTO product_images (product_id, url, alt, position)
    VALUES (prod_id, 'https://cdn.ortobom.com.br/file/ee94f017-b458-4126-a202-2217bb2617a8/6040742981_F.png', 'Cabeceira Glamour Veludo', 3);
  INSERT INTO variants (product_id, size, price, compare_at_price, sku, dimensions, stock)
    VALUES (prod_id, 'Padrão', 799, 1229, 'cabeceira-glamour-veludo-PADRÃ', NULL, 50);

  -- ── Product: Travesseiro Pró Latex ──────────────────────
  SELECT id INTO cat_id FROM categories WHERE slug = 'travesseiros';
  INSERT INTO products (name, slug, description, description_html, featured_image, category_id, is_active)
    VALUES ('Travesseiro Pró Latex', 'travesseiro-pro-latex', NULL, NULL, 'https://cdn.ortobom.com.br/file/b387034e-dce5-4a53-b624-3d17fb49f6d5/Travesseiro_ProLatex_Master.jpg', cat_id, true)
    ON CONFLICT (slug) DO UPDATE SET
      featured_image = EXCLUDED.featured_image,
      description = EXCLUDED.description,
      description_html = EXCLUDED.description_html
    RETURNING id INTO prod_id;
  IF prod_id IS NULL THEN
    SELECT id INTO prod_id FROM products WHERE slug = 'travesseiro-pro-latex';
  END IF;
  INSERT INTO product_images (product_id, url, alt, position)
    VALUES (prod_id, 'https://cdn.ortobom.com.br/file/b387034e-dce5-4a53-b624-3d17fb49f6d5/Travesseiro_ProLatex_Master.jpg', 'Travesseiro Pró Latex', 0);
  INSERT INTO product_images (product_id, url, alt, position)
    VALUES (prod_id, 'https://cdn.ortobom.com.br/file/f4414e88-bcbb-45bf-9b66-44c1b7e07462/Design-sem-nome--8-.jpg', 'Travesseiro Pró Latex', 1);
  INSERT INTO variants (product_id, size, price, compare_at_price, sku, dimensions, stock)
    VALUES (prod_id, 'Padrão', 259, 222, 'travesseiro-pro-latex-PADRÃ', NULL, 50);

  -- ── Product: Travesseiro Viscopur Gel ──────────────────────
  SELECT id INTO cat_id FROM categories WHERE slug = 'travesseiros';
  INSERT INTO products (name, slug, description, description_html, featured_image, category_id, is_active)
    VALUES ('Travesseiro Viscopur Gel', 'travesseiro-viscopur-gel', NULL, NULL, 'https://cdn.ortobom.com.br/file/fc3e447c-dc07-4e30-aee4-549c32f9590e/Embalagem-Viscopur-Gel.jpg', cat_id, true)
    ON CONFLICT (slug) DO UPDATE SET
      featured_image = EXCLUDED.featured_image,
      description = EXCLUDED.description,
      description_html = EXCLUDED.description_html
    RETURNING id INTO prod_id;
  IF prod_id IS NULL THEN
    SELECT id INTO prod_id FROM products WHERE slug = 'travesseiro-viscopur-gel';
  END IF;
  INSERT INTO product_images (product_id, url, alt, position)
    VALUES (prod_id, 'https://cdn.ortobom.com.br/file/fc3e447c-dc07-4e30-aee4-549c32f9590e/Embalagem-Viscopur-Gel.jpg', 'Travesseiro Viscopur Gel', 0);
  INSERT INTO product_images (product_id, url, alt, position)
    VALUES (prod_id, 'https://cdn.ortobom.com.br/file/0a0697f1-5941-464b-ae8b-6f4b0fb1bbbc/6996.jpeg', 'Travesseiro Viscopur Gel', 1);
  INSERT INTO product_images (product_id, url, alt, position)
    VALUES (prod_id, 'https://cdn.ortobom.com.br/file/0642c140-0ade-4480-ba09-100e12bec0d3/6997.jpeg', 'Travesseiro Viscopur Gel', 2);
  INSERT INTO variants (product_id, size, price, compare_at_price, sku, dimensions, stock)
    VALUES (prod_id, 'Padrão', 399, 399, 'travesseiro-viscopur-gel-PADRÃ', NULL, 50);

  -- ── Product: Travesseiro Conforto Regulável ──────────────────────
  SELECT id INTO cat_id FROM categories WHERE slug = 'travesseiros';
  INSERT INTO products (name, slug, description, description_html, featured_image, category_id, is_active)
    VALUES ('Travesseiro Conforto Regulável', 'travesseiro-conforto-regulavel', NULL, NULL, 'https://cdn.ortobom.com.br/file/69d6a7b2-b17a-4622-885e-599d6b6ed20f/Travesseiro_Conf_Regulavel_Master.jpg', cat_id, true)
    ON CONFLICT (slug) DO UPDATE SET
      featured_image = EXCLUDED.featured_image,
      description = EXCLUDED.description,
      description_html = EXCLUDED.description_html
    RETURNING id INTO prod_id;
  IF prod_id IS NULL THEN
    SELECT id INTO prod_id FROM products WHERE slug = 'travesseiro-conforto-regulavel';
  END IF;
  INSERT INTO product_images (product_id, url, alt, position)
    VALUES (prod_id, 'https://cdn.ortobom.com.br/file/69d6a7b2-b17a-4622-885e-599d6b6ed20f/Travesseiro_Conf_Regulavel_Master.jpg', 'Travesseiro Conforto Regulável', 0);
  INSERT INTO variants (product_id, size, price, compare_at_price, sku, dimensions, stock)
    VALUES (prod_id, 'Padrão', 159, 176, 'travesseiro-conforto-regulavel-PADRÃ', NULL, 50);

  -- ── Product: Travesseiro Viscopur ──────────────────────
  SELECT id INTO cat_id FROM categories WHERE slug = 'travesseiros';
  INSERT INTO products (name, slug, description, description_html, featured_image, category_id, is_active)
    VALUES ('Travesseiro Viscopur', 'travesseiro-viscopur', NULL, NULL, 'https://cdn.ortobom.com.br/file/68821870-21d0-4380-8754-bb9701d1bf9e/Travesseiro_Viscopur_Master.jpg', cat_id, true)
    ON CONFLICT (slug) DO UPDATE SET
      featured_image = EXCLUDED.featured_image,
      description = EXCLUDED.description,
      description_html = EXCLUDED.description_html
    RETURNING id INTO prod_id;
  IF prod_id IS NULL THEN
    SELECT id INTO prod_id FROM products WHERE slug = 'travesseiro-viscopur';
  END IF;
  INSERT INTO product_images (product_id, url, alt, position)
    VALUES (prod_id, 'https://cdn.ortobom.com.br/file/68821870-21d0-4380-8754-bb9701d1bf9e/Travesseiro_Viscopur_Master.jpg', 'Travesseiro Viscopur', 0);
  INSERT INTO product_images (product_id, url, alt, position)
    VALUES (prod_id, 'https://cdn.ortobom.com.br/file/b2f88d2d-0a4f-4029-81b9-8303fa1bcf05/visco-1.jpg', 'Travesseiro Viscopur', 1);
  INSERT INTO variants (product_id, size, price, compare_at_price, sku, dimensions, stock)
    VALUES (prod_id, 'Padrão', 169, 186, 'travesseiro-viscopur-PADRÃ', NULL, 50);

  -- ── Product: Travesseiro Royal Pillow ──────────────────────
  SELECT id INTO cat_id FROM categories WHERE slug = 'travesseiros';
  INSERT INTO products (name, slug, description, description_html, featured_image, category_id, is_active)
    VALUES ('Travesseiro Royal Pillow', 'travesseiro-royal-pillow', NULL, NULL, 'https://cdn.ortobom.com.br/file/03ecb3a0-81dc-43ef-b725-a963ef03f229/Travesseiro_Royal_Pillow_Master.jpg', cat_id, true)
    ON CONFLICT (slug) DO UPDATE SET
      featured_image = EXCLUDED.featured_image,
      description = EXCLUDED.description,
      description_html = EXCLUDED.description_html
    RETURNING id INTO prod_id;
  IF prod_id IS NULL THEN
    SELECT id INTO prod_id FROM products WHERE slug = 'travesseiro-royal-pillow';
  END IF;
  INSERT INTO product_images (product_id, url, alt, position)
    VALUES (prod_id, 'https://cdn.ortobom.com.br/file/03ecb3a0-81dc-43ef-b725-a963ef03f229/Travesseiro_Royal_Pillow_Master.jpg', 'Travesseiro Royal Pillow', 0);
  INSERT INTO product_images (product_id, url, alt, position)
    VALUES (prod_id, 'https://cdn.ortobom.com.br/file/450f8575-a505-41fb-b117-a51e97ff2764/Design-sem-nome--7-.jpg', 'Travesseiro Royal Pillow', 1);
  INSERT INTO product_images (product_id, url, alt, position)
    VALUES (prod_id, 'https://cdn.ortobom.com.br/file/c50140ad-0f0f-4427-8b8a-96d37cd51cdb/Design-sem-nome.jpg', 'Travesseiro Royal Pillow', 2);
  INSERT INTO product_images (product_id, url, alt, position)
    VALUES (prod_id, 'https://cdn.ortobom.com.br/file/22bd04cd-6ce4-4d94-a866-34e8c863f7db/Travesseiro_Royal_Pillow.jpg', 'Travesseiro Royal Pillow', 3);
  INSERT INTO variants (product_id, size, price, compare_at_price, sku, dimensions, stock)
    VALUES (prod_id, 'Padrão', 159, 172, 'travesseiro-royal-pillow-PADRÃ', NULL, 50);

  -- ── Product: Travesseiro Sonho ──────────────────────
  SELECT id INTO cat_id FROM categories WHERE slug = 'travesseiros';
  INSERT INTO products (name, slug, description, description_html, featured_image, category_id, is_active)
    VALUES ('Travesseiro Sonho', 'travesseiro-sonho', NULL, NULL, 'https://cdn.ortobom.com.br/file/def1ba8e-c905-471c-a3c0-67f4cdbe1577/TRAVESSEIRO-SONHO.jpg', cat_id, true)
    ON CONFLICT (slug) DO UPDATE SET
      featured_image = EXCLUDED.featured_image,
      description = EXCLUDED.description,
      description_html = EXCLUDED.description_html
    RETURNING id INTO prod_id;
  IF prod_id IS NULL THEN
    SELECT id INTO prod_id FROM products WHERE slug = 'travesseiro-sonho';
  END IF;
  INSERT INTO product_images (product_id, url, alt, position)
    VALUES (prod_id, 'https://cdn.ortobom.com.br/file/def1ba8e-c905-471c-a3c0-67f4cdbe1577/TRAVESSEIRO-SONHO.jpg', 'Travesseiro Sonho', 0);
  INSERT INTO product_images (product_id, url, alt, position)
    VALUES (prod_id, 'https://cdn.ortobom.com.br/file/20274384-d4b8-47e1-9e28-45fbcf6b2c65/Design-sem-nome--5-.jpg', 'Travesseiro Sonho', 1);
  INSERT INTO product_images (product_id, url, alt, position)
    VALUES (prod_id, 'https://cdn.ortobom.com.br/file/e9d4d498-50c5-4c75-a00f-4c73bb64eab1/Design-sem-nome--6-.jpg', 'Travesseiro Sonho', 2);
  INSERT INTO product_images (product_id, url, alt, position)
    VALUES (prod_id, 'https://cdn.ortobom.com.br/file/baca4360-a8a1-4da6-8812-4bf7a50e1e40/Travesseiro_Sonho_1000x1000.jpg', 'Travesseiro Sonho', 3);
  INSERT INTO variants (product_id, size, price, compare_at_price, sku, dimensions, stock)
    VALUES (prod_id, 'Padrão', 119, 166, 'travesseiro-sonho-PADRÃ', NULL, 50);

  -- ── Product: Travesseiro Flock ──────────────────────
  SELECT id INTO cat_id FROM categories WHERE slug = 'travesseiros';
  INSERT INTO products (name, slug, description, description_html, featured_image, category_id, is_active)
    VALUES ('Travesseiro Flock', 'travesseiro-flock', NULL, NULL, 'https://cdn.ortobom.com.br/file/48c5f932-a7ae-4eb2-aed5-17fdcfcd606d/6090740048.jpg', cat_id, true)
    ON CONFLICT (slug) DO UPDATE SET
      featured_image = EXCLUDED.featured_image,
      description = EXCLUDED.description,
      description_html = EXCLUDED.description_html
    RETURNING id INTO prod_id;
  IF prod_id IS NULL THEN
    SELECT id INTO prod_id FROM products WHERE slug = 'travesseiro-flock';
  END IF;
  INSERT INTO product_images (product_id, url, alt, position)
    VALUES (prod_id, 'https://cdn.ortobom.com.br/file/48c5f932-a7ae-4eb2-aed5-17fdcfcd606d/6090740048.jpg', 'Travesseiro Flock', 0);
  INSERT INTO product_images (product_id, url, alt, position)
    VALUES (prod_id, 'https://cdn.ortobom.com.br/file/3fc6f6f8-595a-4312-ba43-99f47cc7be2d/Design-sem-nome--2-.jpg', 'Travesseiro Flock', 1);
  INSERT INTO variants (product_id, size, price, compare_at_price, sku, dimensions, stock)
    VALUES (prod_id, 'Padrão', 179, 377, 'travesseiro-flock-PADRÃ', NULL, 50);

  -- ── Product: Travesseiro Hug ──────────────────────
  SELECT id INTO cat_id FROM categories WHERE slug = 'travesseiros';
  INSERT INTO products (name, slug, description, description_html, featured_image, category_id, is_active)
    VALUES ('Travesseiro Hug', 'travesseiro-hug', NULL, NULL, 'https://cdn.ortobom.com.br/file/c16ca12e-f540-4d37-a463-628b4eb8ac94/TRAVESSEIRO-DE-CORPO-HUG.jpg', cat_id, true)
    ON CONFLICT (slug) DO UPDATE SET
      featured_image = EXCLUDED.featured_image,
      description = EXCLUDED.description,
      description_html = EXCLUDED.description_html
    RETURNING id INTO prod_id;
  IF prod_id IS NULL THEN
    SELECT id INTO prod_id FROM products WHERE slug = 'travesseiro-hug';
  END IF;
  INSERT INTO product_images (product_id, url, alt, position)
    VALUES (prod_id, 'https://cdn.ortobom.com.br/file/c16ca12e-f540-4d37-a463-628b4eb8ac94/TRAVESSEIRO-DE-CORPO-HUG.jpg', 'Travesseiro Hug', 0);
  INSERT INTO product_images (product_id, url, alt, position)
    VALUES (prod_id, 'https://cdn.ortobom.com.br/file/92fea4f9-003d-464d-8ac6-24f366ff54c2/Design-sem-nome.jpg', 'Travesseiro Hug', 1);
  INSERT INTO product_images (product_id, url, alt, position)
    VALUES (prod_id, 'https://cdn.ortobom.com.br/file/eba9ef32-d6e0-410e-bd6d-5c26f906ca63/Design-sem-nome--1-.jpg', 'Travesseiro Hug', 2);
  INSERT INTO variants (product_id, size, price, compare_at_price, sku, dimensions, stock)
    VALUES (prod_id, 'Padrão', 179, 190, 'travesseiro-hug-PADRÃ', NULL, 50);

  -- ── Product: Travesseiro Pró Látex Gel ──────────────────────
  SELECT id INTO cat_id FROM categories WHERE slug = 'travesseiros';
  INSERT INTO products (name, slug, description, description_html, featured_image, category_id, is_active)
    VALUES ('Travesseiro Pró Látex Gel', 'travesseiro-pro-latex-gel', NULL, NULL, 'https://cdn.ortobom.com.br/file/eca9e910-0fed-441b-b928-5c6dabf73941/TRAVESSEIRO-PRO--LATEX-GEL.jpg', cat_id, true)
    ON CONFLICT (slug) DO UPDATE SET
      featured_image = EXCLUDED.featured_image,
      description = EXCLUDED.description,
      description_html = EXCLUDED.description_html
    RETURNING id INTO prod_id;
  IF prod_id IS NULL THEN
    SELECT id INTO prod_id FROM products WHERE slug = 'travesseiro-pro-latex-gel';
  END IF;
  INSERT INTO product_images (product_id, url, alt, position)
    VALUES (prod_id, 'https://cdn.ortobom.com.br/file/eca9e910-0fed-441b-b928-5c6dabf73941/TRAVESSEIRO-PRO--LATEX-GEL.jpg', 'Travesseiro Pró Látex Gel', 0);
  INSERT INTO variants (product_id, size, price, compare_at_price, sku, dimensions, stock)
    VALUES (prod_id, 'Padrão', 549, 699, 'travesseiro-pro-latex-gel-PADRÃ', NULL, 50);

  -- ── Product: Travesseiro Pluma de Ganso ──────────────────────
  SELECT id INTO cat_id FROM categories WHERE slug = 'travesseiros';
  INSERT INTO products (name, slug, description, description_html, featured_image, category_id, is_active)
    VALUES ('Travesseiro Pluma de Ganso', 'travesseiro-pluma-de-ganso', NULL, NULL, 'https://cdn.ortobom.com.br/file/a1cc7a45-679f-4da0-9a19-4ffd7ceb51e6/TRAVESSEIRO-PLUMA-DE-GANSO.jpg', cat_id, true)
    ON CONFLICT (slug) DO UPDATE SET
      featured_image = EXCLUDED.featured_image,
      description = EXCLUDED.description,
      description_html = EXCLUDED.description_html
    RETURNING id INTO prod_id;
  IF prod_id IS NULL THEN
    SELECT id INTO prod_id FROM products WHERE slug = 'travesseiro-pluma-de-ganso';
  END IF;
  INSERT INTO product_images (product_id, url, alt, position)
    VALUES (prod_id, 'https://cdn.ortobom.com.br/file/a1cc7a45-679f-4da0-9a19-4ffd7ceb51e6/TRAVESSEIRO-PLUMA-DE-GANSO.jpg', 'Travesseiro Pluma de Ganso', 0);
  INSERT INTO variants (product_id, size, price, compare_at_price, sku, dimensions, stock)
    VALUES (prod_id, 'Padrão', 599, 562, 'travesseiro-pluma-de-ganso-PADRÃ', NULL, 50);

  -- ── Product: Tapete de Yoga ──────────────────────
  SELECT id INTO cat_id FROM categories WHERE slug = 'acessorios';
  INSERT INTO products (name, slug, description, description_html, featured_image, category_id, is_active)
    VALUES ('Tapete de Yoga', 'tapete-de-yoga', NULL, NULL, 'https://cdn.ortobom.com.br/file/745d1f2a-ff96-4401-8b16-6e9e7f7c80eb/TAPETE-DE-YOGA.jpg', cat_id, true)
    ON CONFLICT (slug) DO UPDATE SET
      featured_image = EXCLUDED.featured_image,
      description = EXCLUDED.description,
      description_html = EXCLUDED.description_html
    RETURNING id INTO prod_id;
  IF prod_id IS NULL THEN
    SELECT id INTO prod_id FROM products WHERE slug = 'tapete-de-yoga';
  END IF;
  INSERT INTO product_images (product_id, url, alt, position)
    VALUES (prod_id, 'https://cdn.ortobom.com.br/file/745d1f2a-ff96-4401-8b16-6e9e7f7c80eb/TAPETE-DE-YOGA.jpg', 'Tapete de Yoga', 0);
  INSERT INTO product_images (product_id, url, alt, position)
    VALUES (prod_id, 'https://cdn.ortobom.com.br/file/fd8c2a39-b7c4-4d02-b5b7-9637046869af/TAPETE-DE-YOGA--2-.jpg', 'Tapete de Yoga', 1);
  INSERT INTO variants (product_id, size, price, compare_at_price, sku, dimensions, stock)
    VALUES (prod_id, 'Padrão', 139, 124, 'tapete-de-yoga-PADRÃ', NULL, 50);

  -- ── Product: Almofada Rolete Nobuck ──────────────────────
  SELECT id INTO cat_id FROM categories WHERE slug = 'acessorios';
  INSERT INTO products (name, slug, description, description_html, featured_image, category_id, is_active)
    VALUES ('Almofada Rolete Nobuck', 'almofada-rolete-nobuck', NULL, NULL, 'https://cdn.ortobom.com.br/file/6a14e720-e613-48b2-a6f7-237c374f804c/Almofada-Rolete-Camurca_Brown_1.jpg', cat_id, true)
    ON CONFLICT (slug) DO UPDATE SET
      featured_image = EXCLUDED.featured_image,
      description = EXCLUDED.description,
      description_html = EXCLUDED.description_html
    RETURNING id INTO prod_id;
  IF prod_id IS NULL THEN
    SELECT id INTO prod_id FROM products WHERE slug = 'almofada-rolete-nobuck';
  END IF;
  INSERT INTO product_images (product_id, url, alt, position)
    VALUES (prod_id, 'https://cdn.ortobom.com.br/file/6a14e720-e613-48b2-a6f7-237c374f804c/Almofada-Rolete-Camurca_Brown_1.jpg', 'Almofada Rolete Nobuck', 0);
  INSERT INTO product_images (product_id, url, alt, position)
    VALUES (prod_id, 'https://cdn.ortobom.com.br/file/dc0ac3f8-3e83-4bad-9796-4f647bd2b64c/Almofada-Rolete-Camurca_Brown_2.jpg', 'Almofada Rolete Nobuck', 1);
  INSERT INTO variants (product_id, size, price, compare_at_price, sku, dimensions, stock)
    VALUES (prod_id, 'Padrão', 59, 73, 'almofada-rolete-nobuck-PADRÃ', NULL, 50);

  -- ── Product: Colchonete All Day ──────────────────────
  SELECT id INTO cat_id FROM categories WHERE slug = 'acessorios';
  INSERT INTO products (name, slug, description, description_html, featured_image, category_id, is_active)
    VALUES ('Colchonete All Day', 'colchonete-all-day', NULL, NULL, 'https://cdn.ortobom.com.br/file/bfdaa7be-6d4f-4f86-994c-bcb8d16ddca2/COLCHONETE-ALL-DAY-CASAL.jpg', cat_id, true)
    ON CONFLICT (slug) DO UPDATE SET
      featured_image = EXCLUDED.featured_image,
      description = EXCLUDED.description,
      description_html = EXCLUDED.description_html
    RETURNING id INTO prod_id;
  IF prod_id IS NULL THEN
    SELECT id INTO prod_id FROM products WHERE slug = 'colchonete-all-day';
  END IF;
  INSERT INTO product_images (product_id, url, alt, position)
    VALUES (prod_id, 'https://cdn.ortobom.com.br/file/bfdaa7be-6d4f-4f86-994c-bcb8d16ddca2/COLCHONETE-ALL-DAY-CASAL.jpg', 'Colchonete All Day', 0);
  INSERT INTO product_images (product_id, url, alt, position)
    VALUES (prod_id, 'https://cdn.ortobom.com.br/file/38a0410f-f429-4abc-9797-81a5718cbb48/COLCHONETE-ALL-DAY-CASAL--2-.jpg', 'Colchonete All Day', 1);
  INSERT INTO variants (product_id, size, price, compare_at_price, sku, dimensions, stock)
    VALUES (prod_id, 'Padrão', 429, 490, 'colchonete-all-day-PADRÃ', NULL, 50);

  -- ── Product: Colchonete Big para Academia ──────────────────────
  SELECT id INTO cat_id FROM categories WHERE slug = 'acessorios';
  INSERT INTO products (name, slug, description, description_html, featured_image, category_id, is_active)
    VALUES ('Colchonete Big para Academia', 'colchonete-big-para-academia', NULL, NULL, 'https://cdn.ortobom.com.br/file/22bdda24-4331-4ca9-8271-cd083b992e20/COLCHONETE-DE-ACADEMIA-AZUL-BIG.jpg', cat_id, true)
    ON CONFLICT (slug) DO UPDATE SET
      featured_image = EXCLUDED.featured_image,
      description = EXCLUDED.description,
      description_html = EXCLUDED.description_html
    RETURNING id INTO prod_id;
  IF prod_id IS NULL THEN
    SELECT id INTO prod_id FROM products WHERE slug = 'colchonete-big-para-academia';
  END IF;
  INSERT INTO product_images (product_id, url, alt, position)
    VALUES (prod_id, 'https://cdn.ortobom.com.br/file/22bdda24-4331-4ca9-8271-cd083b992e20/COLCHONETE-DE-ACADEMIA-AZUL-BIG.jpg', 'Colchonete Big para Academia', 0);
  INSERT INTO variants (product_id, size, price, compare_at_price, sku, dimensions, stock)
    VALUES (prod_id, 'Padrão', 79, 140, 'colchonete-big-para-academia-PADRÃ', NULL, 50);

  -- ── Product: Encosto Dino Veludo ──────────────────────
  SELECT id INTO cat_id FROM categories WHERE slug = 'acessorios';
  INSERT INTO products (name, slug, description, description_html, featured_image, category_id, is_active)
    VALUES ('Encosto Dino Veludo', 'encosto-dino-veludo', NULL, NULL, 'https://cdn.ortobom.com.br/file/b10f353f-605d-4ce4-8c55-4b6d0fa19b27/ENCONSTO-DINO-VELUDO-GRAY.jpg', cat_id, true)
    ON CONFLICT (slug) DO UPDATE SET
      featured_image = EXCLUDED.featured_image,
      description = EXCLUDED.description,
      description_html = EXCLUDED.description_html
    RETURNING id INTO prod_id;
  IF prod_id IS NULL THEN
    SELECT id INTO prod_id FROM products WHERE slug = 'encosto-dino-veludo';
  END IF;
  INSERT INTO product_images (product_id, url, alt, position)
    VALUES (prod_id, 'https://cdn.ortobom.com.br/file/b10f353f-605d-4ce4-8c55-4b6d0fa19b27/ENCONSTO-DINO-VELUDO-GRAY.jpg', 'Encosto Dino Veludo', 0);
  INSERT INTO variants (product_id, size, price, compare_at_price, sku, dimensions, stock)
    VALUES (prod_id, 'Padrão', 129, 258, 'encosto-dino-veludo-PADRÃ', NULL, 50);

  -- ── Product: Colchonete Small para Academia ──────────────────────
  SELECT id INTO cat_id FROM categories WHERE slug = 'acessorios';
  INSERT INTO products (name, slug, description, description_html, featured_image, category_id, is_active)
    VALUES ('Colchonete Small para Academia', 'colchonete-small-para-academia', NULL, NULL, 'https://cdn.ortobom.com.br/file/11526fc9-d839-49fc-b24d-5085b2d98f60/COLCHONETE-DE-ACADEMIA-AZUL.jpg', cat_id, true)
    ON CONFLICT (slug) DO UPDATE SET
      featured_image = EXCLUDED.featured_image,
      description = EXCLUDED.description,
      description_html = EXCLUDED.description_html
    RETURNING id INTO prod_id;
  IF prod_id IS NULL THEN
    SELECT id INTO prod_id FROM products WHERE slug = 'colchonete-small-para-academia';
  END IF;
  INSERT INTO product_images (product_id, url, alt, position)
    VALUES (prod_id, 'https://cdn.ortobom.com.br/file/11526fc9-d839-49fc-b24d-5085b2d98f60/COLCHONETE-DE-ACADEMIA-AZUL.jpg', 'Colchonete Small para Academia', 0);
  INSERT INTO variants (product_id, size, price, compare_at_price, sku, dimensions, stock)
    VALUES (prod_id, 'Padrão', 59, 85, 'colchonete-small-para-academia-PADRÃ', NULL, 50);

  -- ── Product: Suavencosto Infantil ──────────────────────
  SELECT id INTO cat_id FROM categories WHERE slug = 'acessorios';
  INSERT INTO products (name, slug, description, description_html, featured_image, category_id, is_active)
    VALUES ('Suavencosto Infantil', 'suavencosto-infantil', NULL, NULL, 'https://cdn.ortobom.com.br/file/4cd99eed-0766-4677-88d9-4d6dbf5392bf/20095.jpg', cat_id, true)
    ON CONFLICT (slug) DO UPDATE SET
      featured_image = EXCLUDED.featured_image,
      description = EXCLUDED.description,
      description_html = EXCLUDED.description_html
    RETURNING id INTO prod_id;
  IF prod_id IS NULL THEN
    SELECT id INTO prod_id FROM products WHERE slug = 'suavencosto-infantil';
  END IF;
  INSERT INTO product_images (product_id, url, alt, position)
    VALUES (prod_id, 'https://cdn.ortobom.com.br/file/4cd99eed-0766-4677-88d9-4d6dbf5392bf/20095.jpg', 'Suavencosto Infantil', 0);
  INSERT INTO product_images (product_id, url, alt, position)
    VALUES (prod_id, 'https://cdn.ortobom.com.br/file/ab74c656-1ef4-4fcd-8c76-7de0313697dd/1154.jpg', 'Suavencosto Infantil', 1);
  INSERT INTO product_images (product_id, url, alt, position)
    VALUES (prod_id, 'https://cdn.ortobom.com.br/file/8f76d7a0-aa58-40ee-9ab9-1251a31e41fb/1155.jpg', 'Suavencosto Infantil', 2);
  INSERT INTO product_images (product_id, url, alt, position)
    VALUES (prod_id, 'https://cdn.ortobom.com.br/file/1bf3bfd6-bf5a-4874-9816-faa59b769930/1156.jpg', 'Suavencosto Infantil', 3);
  INSERT INTO variants (product_id, size, price, compare_at_price, sku, dimensions, stock)
    VALUES (prod_id, 'Padrão', 89, 113, 'suavencosto-infantil-PADRÃ', NULL, 50);

  -- ── Product: Massageador Alveolado ──────────────────────
  SELECT id INTO cat_id FROM categories WHERE slug = 'acessorios';
  INSERT INTO products (name, slug, description, description_html, featured_image, category_id, is_active)
    VALUES ('Massageador Alveolado', 'massageador-alveolado', NULL, NULL, 'https://cdn.ortobom.com.br/file/3f8f4719-86fe-41bc-a889-5192e9e92295/MASSAGEADOR-ALVEOLADO-CASAL.jpg', cat_id, true)
    ON CONFLICT (slug) DO UPDATE SET
      featured_image = EXCLUDED.featured_image,
      description = EXCLUDED.description,
      description_html = EXCLUDED.description_html
    RETURNING id INTO prod_id;
  IF prod_id IS NULL THEN
    SELECT id INTO prod_id FROM products WHERE slug = 'massageador-alveolado';
  END IF;
  INSERT INTO product_images (product_id, url, alt, position)
    VALUES (prod_id, 'https://cdn.ortobom.com.br/file/3f8f4719-86fe-41bc-a889-5192e9e92295/MASSAGEADOR-ALVEOLADO-CASAL.jpg', 'Massageador Alveolado', 0);
  INSERT INTO variants (product_id, size, price, compare_at_price, sku, dimensions, stock)
    VALUES (prod_id, 'Padrão', 169, 201, 'massageador-alveolado-PADRÃ', NULL, 50);

  -- ── Product: Suavencosto Alveolado ──────────────────────
  SELECT id INTO cat_id FROM categories WHERE slug = 'acessorios';
  INSERT INTO products (name, slug, description, description_html, featured_image, category_id, is_active)
    VALUES ('Suavencosto Alveolado', 'suavencosto-alveolado', NULL, NULL, 'https://cdn.ortobom.com.br/file/8db0de46-059c-410c-90cf-3571422bc504/SUAVENCOSTO-ALVEOLADO--3-.jpg', cat_id, true)
    ON CONFLICT (slug) DO UPDATE SET
      featured_image = EXCLUDED.featured_image,
      description = EXCLUDED.description,
      description_html = EXCLUDED.description_html
    RETURNING id INTO prod_id;
  IF prod_id IS NULL THEN
    SELECT id INTO prod_id FROM products WHERE slug = 'suavencosto-alveolado';
  END IF;
  INSERT INTO product_images (product_id, url, alt, position)
    VALUES (prod_id, 'https://cdn.ortobom.com.br/file/8db0de46-059c-410c-90cf-3571422bc504/SUAVENCOSTO-ALVEOLADO--3-.jpg', 'Suavencosto Alveolado', 0);
  INSERT INTO product_images (product_id, url, alt, position)
    VALUES (prod_id, 'https://cdn.ortobom.com.br/file/1ca3059a-2070-468c-9523-630dcf30f6af/8511.jpg', 'Suavencosto Alveolado', 1);
  INSERT INTO product_images (product_id, url, alt, position)
    VALUES (prod_id, 'https://cdn.ortobom.com.br/file/1349f311-4d83-47ba-b035-5df5dc4f01ec/SUAVENCOSTO-IMAGEM-3.jpg', 'Suavencosto Alveolado', 2);
  INSERT INTO variants (product_id, size, price, compare_at_price, sku, dimensions, stock)
    VALUES (prod_id, 'Padrão', 209, 267, 'suavencosto-alveolado-PADRÃ', NULL, 50);

  -- ── Product: Sofá Cama 2L Veludo Azul Marinho ──────────────────────
  SELECT id INTO cat_id FROM categories WHERE slug = 'moveis';
  INSERT INTO products (name, slug, description, description_html, featured_image, category_id, is_active)
    VALUES ('Sofá Cama 2L Veludo Azul Marinho', 'sofa-cama-2l-veludo-azul-marinho', NULL, NULL, 'https://cdn.ortobom.com.br/file/af802fee-44f7-44fb-88ba-639e27593efd/SOFA-CAMA-LUIZA-SLIM-MARINHO--3-.jpg', cat_id, true)
    ON CONFLICT (slug) DO UPDATE SET
      featured_image = EXCLUDED.featured_image,
      description = EXCLUDED.description,
      description_html = EXCLUDED.description_html
    RETURNING id INTO prod_id;
  IF prod_id IS NULL THEN
    SELECT id INTO prod_id FROM products WHERE slug = 'sofa-cama-2l-veludo-azul-marinho';
  END IF;
  INSERT INTO product_images (product_id, url, alt, position)
    VALUES (prod_id, 'https://cdn.ortobom.com.br/file/af802fee-44f7-44fb-88ba-639e27593efd/SOFA-CAMA-LUIZA-SLIM-MARINHO--3-.jpg', 'Sofá Cama 2L Veludo Azul Marinho', 0);
  INSERT INTO product_images (product_id, url, alt, position)
    VALUES (prod_id, 'https://cdn.ortobom.com.br/file/62a7eac1-4c3f-401b-a3bf-3a4e5f63f515/SOFA-CAMA-LUIZA-SLIM-MARINHO.jpg', 'Sofá Cama 2L Veludo Azul Marinho', 1);
  INSERT INTO product_images (product_id, url, alt, position)
    VALUES (prod_id, 'https://cdn.ortobom.com.br/file/fe225379-daa8-4092-87d0-6317a98ac91a/SOFA-CAMA-LUIZA-SLIM-MARINHO--2-.jpg', 'Sofá Cama 2L Veludo Azul Marinho', 2);
  INSERT INTO variants (product_id, size, price, compare_at_price, sku, dimensions, stock)
    VALUES (prod_id, 'Padrão', 3999, 6665, 'sofa-cama-2l-veludo-azul-marinho-PADRÃ', NULL, 50);

  -- ── Product: Poltrona Reclinável Ortobom Cori ──────────────────────
  SELECT id INTO cat_id FROM categories WHERE slug = 'moveis';
  INSERT INTO products (name, slug, description, description_html, featured_image, category_id, is_active)
    VALUES ('Poltrona Reclinável Ortobom Cori', 'poltrona-reclinavel-ortobom-cori', NULL, NULL, 'https://cdn.ortobom.com.br/file/5345839c-dc5d-45cd-a7f4-cc648b147da3/POLTRONA-COPENHAGEM-POP-BROWN--3-.jpg', cat_id, true)
    ON CONFLICT (slug) DO UPDATE SET
      featured_image = EXCLUDED.featured_image,
      description = EXCLUDED.description,
      description_html = EXCLUDED.description_html
    RETURNING id INTO prod_id;
  IF prod_id IS NULL THEN
    SELECT id INTO prod_id FROM products WHERE slug = 'poltrona-reclinavel-ortobom-cori';
  END IF;
  INSERT INTO product_images (product_id, url, alt, position)
    VALUES (prod_id, 'https://cdn.ortobom.com.br/file/5345839c-dc5d-45cd-a7f4-cc648b147da3/POLTRONA-COPENHAGEM-POP-BROWN--3-.jpg', 'Poltrona Reclinável Ortobom Cori', 0);
  INSERT INTO product_images (product_id, url, alt, position)
    VALUES (prod_id, 'https://cdn.ortobom.com.br/file/490f51cc-ff92-4ef6-8700-463cd2790760/Poltrona-Copenhagen-Fechada_Pu-Marrom-POP_Sem-Gatilho_ambientada_1000x1000.jpg', 'Poltrona Reclinável Ortobom Cori', 1);
  INSERT INTO product_images (product_id, url, alt, position)
    VALUES (prod_id, 'https://cdn.ortobom.com.br/file/0cdf7e12-8bf4-421f-b4ed-b1cee82770da/Poltrona-Copenhagen_FI_Pu-Marrom-POP---Sem-Gatilho_1000x1000.jpg', 'Poltrona Reclinável Ortobom Cori', 2);
  INSERT INTO variants (product_id, size, price, compare_at_price, sku, dimensions, stock)
    VALUES (prod_id, 'Padrão', 2119, 3028, 'poltrona-reclinavel-ortobom-cori-PADRÃ', NULL, 50);

  -- ── Product: Sofá Cama 3L Linho Bege ──────────────────────
  SELECT id INTO cat_id FROM categories WHERE slug = 'moveis';
  INSERT INTO products (name, slug, description, description_html, featured_image, category_id, is_active)
    VALUES ('Sofá Cama 3L Linho Bege', 'sofa-cama-3l-linho-bege', NULL, NULL, 'https://cdn.ortobom.com.br/file/11e98b9d-376d-4b0f-a993-adb361f9bc2e/SOFA-CAMA-MALU-BEGE--3-.jpg', cat_id, true)
    ON CONFLICT (slug) DO UPDATE SET
      featured_image = EXCLUDED.featured_image,
      description = EXCLUDED.description,
      description_html = EXCLUDED.description_html
    RETURNING id INTO prod_id;
  IF prod_id IS NULL THEN
    SELECT id INTO prod_id FROM products WHERE slug = 'sofa-cama-3l-linho-bege';
  END IF;
  INSERT INTO product_images (product_id, url, alt, position)
    VALUES (prod_id, 'https://cdn.ortobom.com.br/file/11e98b9d-376d-4b0f-a993-adb361f9bc2e/SOFA-CAMA-MALU-BEGE--3-.jpg', 'Sofá Cama 3L Linho Bege', 0);
  INSERT INTO product_images (product_id, url, alt, position)
    VALUES (prod_id, 'https://cdn.ortobom.com.br/file/b5827f47-b486-4c8c-a5c6-97892cf65871/SOFA-CAMA-MALU-BEGE--2-.jpg', 'Sofá Cama 3L Linho Bege', 1);
  INSERT INTO product_images (product_id, url, alt, position)
    VALUES (prod_id, 'https://cdn.ortobom.com.br/file/4406d03e-777c-4e94-aad7-9699de2a4c32/SOFA-CAMA-MALU-BEGE.jpg', 'Sofá Cama 3L Linho Bege', 2);
  INSERT INTO variants (product_id, size, price, compare_at_price, sku, dimensions, stock)
    VALUES (prod_id, 'Padrão', 2799, 4665, 'sofa-cama-3l-linho-bege-PADRÃ', NULL, 50);

  -- ── Product: Poltrona Reclinável Ortobom Nobuck ──────────────────────
  SELECT id INTO cat_id FROM categories WHERE slug = 'moveis';
  INSERT INTO products (name, slug, description, description_html, featured_image, category_id, is_active)
    VALUES ('Poltrona Reclinável Ortobom Nobuck', 'poltrona-reclinavel-ortobom-nobuck', NULL, NULL, 'https://cdn.ortobom.com.br/file/616b5de4-879d-4166-9d42-d68a9593f012/19170.jpg', cat_id, true)
    ON CONFLICT (slug) DO UPDATE SET
      featured_image = EXCLUDED.featured_image,
      description = EXCLUDED.description,
      description_html = EXCLUDED.description_html
    RETURNING id INTO prod_id;
  IF prod_id IS NULL THEN
    SELECT id INTO prod_id FROM products WHERE slug = 'poltrona-reclinavel-ortobom-nobuck';
  END IF;
  INSERT INTO product_images (product_id, url, alt, position)
    VALUES (prod_id, 'https://cdn.ortobom.com.br/file/616b5de4-879d-4166-9d42-d68a9593f012/19170.jpg', 'Poltrona Reclinável Ortobom Nobuck', 0);
  INSERT INTO product_images (product_id, url, alt, position)
    VALUES (prod_id, 'https://cdn.ortobom.com.br/file/2d4077d0-d026-41dc-97a5-a9b7688c96fd/POLTRONA-COPENHAGEM-POP-SLIM-GRAY--3-.jpg', 'Poltrona Reclinável Ortobom Nobuck', 1);
  INSERT INTO product_images (product_id, url, alt, position)
    VALUES (prod_id, 'https://cdn.ortobom.com.br/file/5fa17221-e783-4b01-8dfc-082b8dcfb47c/19169.jpg', 'Poltrona Reclinável Ortobom Nobuck', 2);
  INSERT INTO variants (product_id, size, price, compare_at_price, sku, dimensions, stock)
    VALUES (prod_id, 'Padrão', 2119, 3028, 'poltrona-reclinavel-ortobom-nobuck-PADRÃ', NULL, 50);

  -- ── Product: Sofá Cama 2L Linho Cinza ──────────────────────
  SELECT id INTO cat_id FROM categories WHERE slug = 'moveis';
  INSERT INTO products (name, slug, description, description_html, featured_image, category_id, is_active)
    VALUES ('Sofá Cama 2L Linho Cinza', 'sofa-cama-2l-linho-cinza', NULL, NULL, 'https://cdn.ortobom.com.br/file/36f0af20-c68b-4411-bc1d-3803583a2f1f/19176.jpg', cat_id, true)
    ON CONFLICT (slug) DO UPDATE SET
      featured_image = EXCLUDED.featured_image,
      description = EXCLUDED.description,
      description_html = EXCLUDED.description_html
    RETURNING id INTO prod_id;
  IF prod_id IS NULL THEN
    SELECT id INTO prod_id FROM products WHERE slug = 'sofa-cama-2l-linho-cinza';
  END IF;
  INSERT INTO product_images (product_id, url, alt, position)
    VALUES (prod_id, 'https://cdn.ortobom.com.br/file/36f0af20-c68b-4411-bc1d-3803583a2f1f/19176.jpg', 'Sofá Cama 2L Linho Cinza', 0);
  INSERT INTO product_images (product_id, url, alt, position)
    VALUES (prod_id, 'https://cdn.ortobom.com.br/file/cc036a26-b42f-4074-b0b0-49c85137011d/SOFA-CAMA-LUIZA-CINZA--3-.jpg', 'Sofá Cama 2L Linho Cinza', 1);
  INSERT INTO variants (product_id, size, price, compare_at_price, sku, dimensions, stock)
    VALUES (prod_id, 'Padrão', 3999, 6665, 'sofa-cama-2l-linho-cinza-PADRÃ', NULL, 50);

  -- ── Product: Sofá Cama 3L Veludo Azul Marinho ──────────────────────
  SELECT id INTO cat_id FROM categories WHERE slug = 'moveis';
  INSERT INTO products (name, slug, description, description_html, featured_image, category_id, is_active)
    VALUES ('Sofá Cama 3L Veludo Azul Marinho', 'sofa-cama-3l-veludo-azul-marinho', NULL, NULL, 'https://cdn.ortobom.com.br/file/ca8dcf4b-44d6-4552-9edc-69271e8e2d50/21781.jpg', cat_id, true)
    ON CONFLICT (slug) DO UPDATE SET
      featured_image = EXCLUDED.featured_image,
      description = EXCLUDED.description,
      description_html = EXCLUDED.description_html
    RETURNING id INTO prod_id;
  IF prod_id IS NULL THEN
    SELECT id INTO prod_id FROM products WHERE slug = 'sofa-cama-3l-veludo-azul-marinho';
  END IF;
  INSERT INTO product_images (product_id, url, alt, position)
    VALUES (prod_id, 'https://cdn.ortobom.com.br/file/ca8dcf4b-44d6-4552-9edc-69271e8e2d50/21781.jpg', 'Sofá Cama 3L Veludo Azul Marinho', 0);
  INSERT INTO product_images (product_id, url, alt, position)
    VALUES (prod_id, 'https://cdn.ortobom.com.br/file/199403b2-c5c8-47b4-aab4-90ec373f3b68/21783.jpg', 'Sofá Cama 3L Veludo Azul Marinho', 1);
  INSERT INTO product_images (product_id, url, alt, position)
    VALUES (prod_id, 'https://cdn.ortobom.com.br/file/8e534fbb-fc35-4fdd-bf98-62007681f197/21784.jpg', 'Sofá Cama 3L Veludo Azul Marinho', 2);
  INSERT INTO product_images (product_id, url, alt, position)
    VALUES (prod_id, 'https://cdn.ortobom.com.br/file/5407dbc5-f733-494d-924a-d13a2a71167b/21782.jpg', 'Sofá Cama 3L Veludo Azul Marinho', 3);
  INSERT INTO variants (product_id, size, price, compare_at_price, sku, dimensions, stock)
    VALUES (prod_id, 'Padrão', 2799, 4665, 'sofa-cama-3l-veludo-azul-marinho-PADRÃ', NULL, 50);

  -- ── Product: Poltrona Massageadora Ortobom Cori ──────────────────────
  SELECT id INTO cat_id FROM categories WHERE slug = 'moveis';
  INSERT INTO products (name, slug, description, description_html, featured_image, category_id, is_active)
    VALUES ('Poltrona Massageadora Ortobom Cori', 'poltrona-massageadora-ortobom-cori', NULL, NULL, 'https://cdn.ortobom.com.br/file/17fc2758-e52c-4e45-bb8d-76ecc332efcf/POLTRONA-MASSAGEADORA-RELAX-BROWN--5-.jpg', cat_id, true)
    ON CONFLICT (slug) DO UPDATE SET
      featured_image = EXCLUDED.featured_image,
      description = EXCLUDED.description,
      description_html = EXCLUDED.description_html
    RETURNING id INTO prod_id;
  IF prod_id IS NULL THEN
    SELECT id INTO prod_id FROM products WHERE slug = 'poltrona-massageadora-ortobom-cori';
  END IF;
  INSERT INTO product_images (product_id, url, alt, position)
    VALUES (prod_id, 'https://cdn.ortobom.com.br/file/17fc2758-e52c-4e45-bb8d-76ecc332efcf/POLTRONA-MASSAGEADORA-RELAX-BROWN--5-.jpg', 'Poltrona Massageadora Ortobom Cori', 0);
  INSERT INTO product_images (product_id, url, alt, position)
    VALUES (prod_id, 'https://cdn.ortobom.com.br/file/b3f56fab-1dd5-44e7-9d8f-bb019433ceab/POLTRONA-MASSAGEADORA-RELAX-BROWN.jpg', 'Poltrona Massageadora Ortobom Cori', 1);
  INSERT INTO product_images (product_id, url, alt, position)
    VALUES (prod_id, 'https://cdn.ortobom.com.br/file/1b542d59-6736-4324-8c6e-bcbb083fcd82/Relaxmedic_2023_Ortobom_PoltronadoPapai_ImagensWeb_D.jpg', 'Poltrona Massageadora Ortobom Cori', 2);
  INSERT INTO product_images (product_id, url, alt, position)
    VALUES (prod_id, 'https://cdn.ortobom.com.br/file/611550a7-7eb6-4d9f-87d6-c37111a8e653/Relaxmedic_2023_Ortobom_PoltronadoPapai_ImagensWeb_E.jpg', 'Poltrona Massageadora Ortobom Cori', 3);
  INSERT INTO product_images (product_id, url, alt, position)
    VALUES (prod_id, 'https://cdn.ortobom.com.br/file/72a6c95a-3c7c-48cd-9196-f610dd357345/Relaxmedic_2023_Ortobom_PoltronadoPapai_ImagensWeb_C.jpg', 'Poltrona Massageadora Ortobom Cori', 4);
  INSERT INTO product_images (product_id, url, alt, position)
    VALUES (prod_id, 'https://cdn.ortobom.com.br/file/fa431d77-ac93-48c3-988a-5b042e03393a/Relaxmedic_2023_Ortobom_PoltronadoPapai_ImagensWeb_B.jpg', 'Poltrona Massageadora Ortobom Cori', 5);
  INSERT INTO product_images (product_id, url, alt, position)
    VALUES (prod_id, 'https://cdn.ortobom.com.br/file/4beb517f-0eaa-49fb-b218-8d7b602d9175/POLTRONA-DO-PAPAI-RELAX--RM-PM2121A-02_1000x1000.jpg', 'Poltrona Massageadora Ortobom Cori', 6);
  INSERT INTO variants (product_id, size, price, compare_at_price, sku, dimensions, stock)
    VALUES (prod_id, 'Padrão', 4999, 5555, 'poltrona-massageadora-ortobom-cori-PADRÃ', NULL, 50);

  -- ── Product: Poltrona Reclinável Ortobom Premium Nobuck ──────────────────────
  SELECT id INTO cat_id FROM categories WHERE slug = 'moveis';
  INSERT INTO products (name, slug, description, description_html, featured_image, category_id, is_active)
    VALUES ('Poltrona Reclinável Ortobom Premium Nobuck', 'poltrona-reclinavel-ortobom-premium-nobuck', NULL, NULL, 'https://cdn.ortobom.com.br/file/e6ab80fa-b1c2-4991-be01-09c3b88ff4a0/POLTRONA-COPENHAGEM-PREMIUM-GRAY--3-.jpg', cat_id, true)
    ON CONFLICT (slug) DO UPDATE SET
      featured_image = EXCLUDED.featured_image,
      description = EXCLUDED.description,
      description_html = EXCLUDED.description_html
    RETURNING id INTO prod_id;
  IF prod_id IS NULL THEN
    SELECT id INTO prod_id FROM products WHERE slug = 'poltrona-reclinavel-ortobom-premium-nobuck';
  END IF;
  INSERT INTO product_images (product_id, url, alt, position)
    VALUES (prod_id, 'https://cdn.ortobom.com.br/file/e6ab80fa-b1c2-4991-be01-09c3b88ff4a0/POLTRONA-COPENHAGEM-PREMIUM-GRAY--3-.jpg', 'Poltrona Reclinável Ortobom Premium Nobuck', 0);
  INSERT INTO product_images (product_id, url, alt, position)
    VALUES (prod_id, 'https://cdn.ortobom.com.br/file/12cf4565-0359-4175-b802-59c0d1ff9b74/POLTRONA-COPENHAGEM-PREMIUM-GRAY--2-.jpg', 'Poltrona Reclinável Ortobom Premium Nobuck', 1);
  INSERT INTO product_images (product_id, url, alt, position)
    VALUES (prod_id, 'https://cdn.ortobom.com.br/file/9163f09a-3191-4d6f-b353-5e2034061b9d/POLTRONA-COPENHAGEM-PREMIUM-GRAY.jpg', 'Poltrona Reclinável Ortobom Premium Nobuck', 2);
  INSERT INTO variants (product_id, size, price, compare_at_price, sku, dimensions, stock)
    VALUES (prod_id, 'Padrão', 2729, 3899, 'poltrona-reclinavel-ortobom-premium-nobuck-PADRÃ', NULL, 50);

END $$;
